id,zip_code,post_code,delivery_type,sunday,monday,tuesday,wednesday,thursday,friday,saturday,discriminator_type
1,4314121,0666,3,0,0,0,0,0,0,0,hldeliverylist
2,4400001,0666,1,1,1,0,1,1,1,1,hldeliverylist
3,4400002,0666,1,1,1,0,1,1,1,1,hldeliverylist
4,4400003,0666,1,1,1,0,1,1,1,1,hldeliverylist
5,4400004,0666,1,1,1,0,1,1,1,1,hldeliverylist
6,4400005,0666,1,1,1,0,1,1,1,1,hldeliverylist
7,4400006,0666,1,1,1,0,1,1,1,1,hldeliverylist
8,4400006,0666,1,1,1,0,1,1,1,1,hldeliverylist
9,4400006,0666,1,1,1,0,1,1,1,1,hldeliverylist
10,4400006,0666,1,1,1,0,1,1,1,1,hldeliverylist
11,4400006,0666,1,1,1,0,1,1,1,1,hldeliverylist
12,4400011,0666,1,1,1,0,1,1,1,1,hldeliverylist
13,4400012,0666,1,1,1,0,1,1,1,1,hldeliverylist
14,4400013,0666,1,1,1,0,1,1,1,1,hldeliverylist
15,4400014,0666,1,1,1,0,1,1,1,1,hldeliverylist
16,4400015,0666,1,1,1,0,1,1,1,1,hldeliverylist
17,4400016,0666,1,1,1,0,1,1,1,1,hldeliverylist
18,4400021,0666,1,1,1,0,1,1,1,1,hldeliverylist
19,4400022,0666,1,1,1,0,1,1,1,1,hldeliverylist
20,4400023,0666,1,1,1,0,1,1,1,1,hldeliverylist
21,4400024,0666,1,1,1,0,1,1,1,1,hldeliverylist
22,4400025,0666,1,1,1,0,1,1,1,1,hldeliverylist
23,4400026,0666,1,1,1,0,1,1,1,1,hldeliverylist
24,4400027,0666,1,1,1,0,1,1,1,1,hldeliverylist
25,4400028,0666,1,1,1,0,1,1,1,1,hldeliverylist
26,4400031,0666,1,1,1,0,1,1,1,1,hldeliverylist
27,4400032,0666,1,1,1,0,1,1,1,1,hldeliverylist
28,4400033,0666,1,1,1,0,1,1,1,1,hldeliverylist
29,4400034,0666,1,1,1,0,1,1,1,1,hldeliverylist
30,4400035,0666,1,1,1,0,1,1,1,1,hldeliverylist
31,4400036,0666,1,1,1,0,1,1,1,1,hldeliverylist
32,4400037,0666,1,1,1,0,1,1,1,1,hldeliverylist
33,4400038,0666,1,1,1,0,1,1,1,1,hldeliverylist
34,4400041,0666,1,1,1,0,1,1,1,1,hldeliverylist
35,4400042,0666,1,1,1,0,1,1,1,1,hldeliverylist
36,4400043,0666,1,1,1,0,1,1,1,1,hldeliverylist
37,4400044,0666,1,1,1,0,1,1,1,1,hldeliverylist
38,4400045,0666,1,1,1,0,1,1,1,1,hldeliverylist
39,4400046,0666,1,1,1,0,1,1,1,1,hldeliverylist
40,4400047,0666,1,1,1,0,1,1,1,1,hldeliverylist
41,4400048,0666,1,1,1,0,1,1,1,1,hldeliverylist
42,4400051,0666,1,1,1,0,1,1,1,1,hldeliverylist
43,4400052,0666,1,1,1,0,1,1,1,1,hldeliverylist
44,4400053,0666,1,1,1,0,1,1,1,1,hldeliverylist
45,4400054,0666,1,1,1,0,1,1,1,1,hldeliverylist
46,4400054,0666,1,1,1,0,1,1,1,1,hldeliverylist
47,4400054,0666,1,1,1,0,1,1,1,1,hldeliverylist
48,4400055,0666,1,1,1,0,1,1,1,1,hldeliverylist
49,4400056,0666,1,1,1,0,1,1,1,1,hldeliverylist
50,4400057,0666,1,1,1,0,1,1,1,1,hldeliverylist
51,4400058,0666,1,1,1,0,1,1,1,1,hldeliverylist
52,4400061,0666,1,1,1,0,1,1,1,1,hldeliverylist
53,4400062,0666,1,1,1,0,1,1,1,1,hldeliverylist
54,4400062,0666,1,1,1,0,1,1,1,1,hldeliverylist
55,4400062,0666,1,1,1,0,1,1,1,1,hldeliverylist
56,4400063,0666,1,1,1,0,1,1,1,1,hldeliverylist
57,4400064,0666,1,1,1,0,1,1,1,1,hldeliverylist
58,4400065,0666,1,1,1,0,1,1,1,1,hldeliverylist
59,4400066,0666,1,1,1,0,1,1,1,1,hldeliverylist
60,4400067,0666,1,1,1,0,1,1,1,1,hldeliverylist
61,4400068,0666,1,1,1,0,1,1,1,1,hldeliverylist
62,4400069,0666,1,1,1,0,1,1,1,1,hldeliverylist
63,4400071,0666,1,1,1,0,1,1,1,1,hldeliverylist
64,4400072,0666,1,1,1,0,1,1,1,1,hldeliverylist
65,4400073,0666,1,1,1,0,1,1,1,1,hldeliverylist
66,4400074,0666,1,1,1,0,1,1,1,1,hldeliverylist
67,4400075,0666,1,1,1,0,1,1,1,1,hldeliverylist
68,4400075,0666,1,1,1,0,1,1,1,1,hldeliverylist
69,4400075,0666,1,1,1,0,1,1,1,1,hldeliverylist
70,4400075,0666,1,1,1,0,1,1,1,1,hldeliverylist
71,4400076,0666,1,1,1,0,1,1,1,1,hldeliverylist
72,4400077,0666,1,1,1,0,1,1,1,1,hldeliverylist
73,4400078,0666,1,1,1,0,1,1,1,1,hldeliverylist
74,4400081,0666,1,1,1,0,1,1,1,1,hldeliverylist
75,4400082,0666,1,1,1,0,1,1,1,1,hldeliverylist
76,4400083,0666,1,1,1,0,1,1,1,1,hldeliverylist
77,4400083,0666,1,1,1,0,1,1,1,1,hldeliverylist
78,4400083,0666,1,1,1,0,1,1,1,1,hldeliverylist
79,4400083,0666,1,1,1,0,1,1,1,1,hldeliverylist
80,4400083,0666,1,1,1,0,1,1,1,1,hldeliverylist
81,4400083,0666,1,1,1,0,1,1,1,1,hldeliverylist
82,4400083,0666,1,1,1,0,1,1,1,1,hldeliverylist
83,4400083,0666,1,1,1,0,1,1,1,1,hldeliverylist
84,4400083,0666,1,1,1,0,1,1,1,1,hldeliverylist
85,4400083,0666,1,1,1,0,1,1,1,1,hldeliverylist
86,4400084,0666,1,1,1,0,1,1,1,1,hldeliverylist
87,4400084,0666,1,1,1,0,1,1,1,1,hldeliverylist
88,4400084,0666,1,1,1,0,1,1,1,1,hldeliverylist
89,4400084,0666,1,1,1,0,1,1,1,1,hldeliverylist
90,4400085,0666,1,1,1,0,1,1,1,1,hldeliverylist
91,4400086,0666,1,1,1,0,1,1,1,1,hldeliverylist
92,4400091,0666,1,1,1,0,1,1,1,1,hldeliverylist
93,4400092,0666,1,1,1,0,1,1,1,1,hldeliverylist
94,4400093,0666,1,1,1,0,1,1,1,1,hldeliverylist
95,4400094,0666,1,1,1,0,1,1,1,1,hldeliverylist
96,4400095,0666,1,1,1,0,1,1,1,1,hldeliverylist
97,4400801,0666,1,1,1,0,1,1,1,1,hldeliverylist
98,4400802,0666,1,1,1,0,1,1,1,1,hldeliverylist
99,4400803,0666,1,1,1,0,1,1,1,1,hldeliverylist
100,4400804,0666,1,1,1,0,1,1,1,1,hldeliverylist
101,4400805,0666,1,1,1,0,1,1,1,1,hldeliverylist
102,4400806,0666,1,1,1,0,1,1,1,1,hldeliverylist
103,4400811,0666,1,1,1,0,1,1,1,1,hldeliverylist
104,4400812,0666,1,1,1,0,1,1,1,1,hldeliverylist
105,4400813,0666,1,1,1,0,1,1,1,1,hldeliverylist
106,4400814,0666,1,1,1,0,1,1,1,1,hldeliverylist
107,4400815,0666,1,1,1,0,1,1,1,1,hldeliverylist
108,4400816,0666,1,1,1,0,1,1,1,1,hldeliverylist
109,4400821,0666,1,1,1,0,1,1,1,1,hldeliverylist
110,4400822,0666,1,1,1,0,1,1,1,1,hldeliverylist
111,4400823,0666,1,1,1,0,1,1,1,1,hldeliverylist
112,4400824,0666,1,1,1,0,1,1,1,1,hldeliverylist
113,4400825,0666,1,1,1,0,1,1,1,1,hldeliverylist
114,4400826,0666,1,1,1,0,1,1,1,1,hldeliverylist
115,4400827,0666,1,1,1,0,1,1,1,1,hldeliverylist
116,4400831,0666,1,1,1,0,1,1,1,1,hldeliverylist
117,4400832,0666,1,1,1,0,1,1,1,1,hldeliverylist
118,4400832,0666,1,1,1,0,1,1,1,1,hldeliverylist
119,4400833,0666,1,1,1,0,1,1,1,1,hldeliverylist
120,4400834,0666,1,1,1,0,1,1,1,1,hldeliverylist
121,4400835,0666,1,1,1,0,1,1,1,1,hldeliverylist
122,4400836,0666,1,1,1,0,1,1,1,1,hldeliverylist
123,4400837,0666,1,1,1,0,1,1,1,1,hldeliverylist
124,4400837,0666,1,1,1,0,1,1,1,1,hldeliverylist
125,4400838,0666,1,1,1,0,1,1,1,1,hldeliverylist
126,4400841,0666,1,1,1,0,1,1,1,1,hldeliverylist
127,4400842,0666,1,1,1,0,1,1,1,1,hldeliverylist
128,4400843,0666,1,1,1,0,1,1,1,1,hldeliverylist
129,4400844,0666,1,1,1,0,1,1,1,1,hldeliverylist
130,4400844,0666,1,1,1,0,1,1,1,1,hldeliverylist
131,4400844,0666,1,1,1,0,1,1,1,1,hldeliverylist
132,4400844,0666,1,1,1,0,1,1,1,1,hldeliverylist
133,4400845,0666,1,1,1,0,1,1,1,1,hldeliverylist
134,4400845,0666,1,1,1,0,1,1,1,1,hldeliverylist
135,4400851,0666,1,1,1,0,1,1,1,1,hldeliverylist
136,4400853,0666,1,1,1,0,1,1,1,1,hldeliverylist
137,4400853,0666,1,1,1,0,1,1,1,1,hldeliverylist
138,4400854,0666,1,1,1,0,1,1,1,1,hldeliverylist
139,4400855,0666,1,1,1,0,1,1,1,1,hldeliverylist
140,4400856,0666,1,1,1,0,1,1,1,1,hldeliverylist
141,4400857,0666,1,1,1,0,1,1,1,1,hldeliverylist
142,4400858,0666,1,1,1,0,1,1,1,1,hldeliverylist
143,4400861,0666,1,1,1,0,1,1,1,1,hldeliverylist
144,4400862,0666,1,1,1,0,1,1,1,1,hldeliverylist
145,4400863,0666,1,1,1,0,1,1,1,1,hldeliverylist
146,4400864,0666,1,1,1,0,1,1,1,1,hldeliverylist
147,4400865,0666,1,1,1,0,1,1,1,1,hldeliverylist
148,4400871,0666,1,1,1,0,1,1,1,1,hldeliverylist
149,4400872,0666,1,1,1,0,1,1,1,1,hldeliverylist
150,4400873,0666,1,1,1,0,1,1,1,1,hldeliverylist
151,4400874,0666,1,1,1,0,1,1,1,1,hldeliverylist
152,4400875,0666,1,1,1,0,1,1,1,1,hldeliverylist
153,4400876,0666,1,1,1,0,1,1,1,1,hldeliverylist
154,4400877,0666,1,1,1,0,1,1,1,1,hldeliverylist
155,4400881,0666,1,1,1,0,1,1,1,1,hldeliverylist
156,4400882,0666,1,1,1,0,1,1,1,1,hldeliverylist
157,4400883,0666,1,1,1,0,1,1,1,1,hldeliverylist
158,4400884,0666,1,1,1,0,1,1,1,1,hldeliverylist
159,4400885,0666,1,1,1,0,1,1,1,1,hldeliverylist
160,4400886,0666,1,1,1,0,1,1,1,1,hldeliverylist
161,4400887,0666,1,1,1,0,1,1,1,1,hldeliverylist
162,4400888,0666,1,1,1,0,1,1,1,1,hldeliverylist
163,4400891,0666,1,1,1,0,1,1,1,1,hldeliverylist
164,4400892,0666,1,1,1,0,1,1,1,1,hldeliverylist
165,4400893,0666,1,1,1,0,1,1,1,1,hldeliverylist
166,4400894,0666,1,1,1,0,1,1,1,1,hldeliverylist
167,4400895,0666,1,1,1,0,1,1,1,1,hldeliverylist
168,4400896,0666,1,1,1,0,1,1,1,1,hldeliverylist
169,4400897,0666,1,1,1,0,1,1,1,1,hldeliverylist
170,4410000,0666,1,1,1,0,1,1,1,1,hldeliverylist
171,4410101,0666,1,1,1,0,1,1,1,1,hldeliverylist
172,4410102,0666,1,1,1,0,1,1,1,1,hldeliverylist
173,4410103,0666,1,1,1,0,1,1,1,1,hldeliverylist
174,4410104,0666,1,1,1,0,1,1,1,1,hldeliverylist
175,4410105,0666,1,1,1,0,1,1,1,1,hldeliverylist
176,4410106,0666,1,1,1,0,1,1,1,1,hldeliverylist
177,4410151,0666,1,1,1,0,1,1,1,1,hldeliverylist
178,4410152,0666,1,1,1,0,1,1,1,1,hldeliverylist
179,4410153,0666,1,1,1,0,1,1,1,1,hldeliverylist
180,4410154,0666,1,1,1,0,1,1,1,1,hldeliverylist
181,4410155,0666,1,1,1,0,1,1,1,1,hldeliverylist
182,4410156,0666,1,1,1,0,1,1,1,1,hldeliverylist
183,4410201,0666,1,1,1,0,1,1,1,1,hldeliverylist
184,4410202,0666,1,1,1,0,1,1,1,1,hldeliverylist
185,4410203,0666,1,1,1,0,1,1,1,1,hldeliverylist
186,4410204,0666,1,1,1,0,1,1,1,1,hldeliverylist
187,4410211,0666,1,1,1,0,1,1,1,1,hldeliverylist
188,4410212,0666,1,1,1,0,1,1,1,1,hldeliverylist
189,4410213,0666,1,1,1,0,1,1,1,1,hldeliverylist
190,4410214,0666,1,1,1,0,1,1,1,1,hldeliverylist
191,4410215,0666,1,1,1,0,1,1,1,1,hldeliverylist
192,4410301,0666,1,1,1,0,1,1,1,1,hldeliverylist
193,4410301,0666,1,1,1,0,1,1,1,1,hldeliverylist
194,4410301,0666,1,1,1,0,1,1,1,1,hldeliverylist
195,4410301,0666,1,1,1,0,1,1,1,1,hldeliverylist
196,4410301,0666,1,1,1,0,1,1,1,1,hldeliverylist
197,4410301,0666,1,1,1,0,1,1,1,1,hldeliverylist
198,4410301,0666,1,1,1,0,1,1,1,1,hldeliverylist
199,4410301,0666,1,1,1,0,1,1,1,1,hldeliverylist
200,4410301,0666,1,1,1,0,1,1,1,1,hldeliverylist
201,4410301,0666,1,1,1,0,1,1,1,1,hldeliverylist
202,4410301,0666,1,1,1,0,1,1,1,1,hldeliverylist
203,4410301,0666,1,1,1,0,1,1,1,1,hldeliverylist
204,4410301,0666,1,1,1,0,1,1,1,1,hldeliverylist
205,4410301,0666,1,1,1,0,1,1,1,1,hldeliverylist
206,4410301,0666,1,1,1,0,1,1,1,1,hldeliverylist
207,4410301,0666,1,1,1,0,1,1,1,1,hldeliverylist
208,4410301,0666,1,1,1,0,1,1,1,1,hldeliverylist
209,4410301,0666,1,1,1,0,1,1,1,1,hldeliverylist
210,4410301,0666,1,1,1,0,1,1,1,1,hldeliverylist
211,4410301,0666,1,1,1,0,1,1,1,1,hldeliverylist
212,4410302,0666,1,1,1,0,1,1,1,1,hldeliverylist
213,4410302,0666,1,1,1,0,1,1,1,1,hldeliverylist
214,4410302,0666,1,1,1,0,1,1,1,1,hldeliverylist
215,4410302,0666,1,1,1,0,1,1,1,1,hldeliverylist
216,4410302,0666,1,1,1,0,1,1,1,1,hldeliverylist
217,4410302,0666,1,1,1,0,1,1,1,1,hldeliverylist
218,4410302,0666,1,1,1,0,1,1,1,1,hldeliverylist
219,4410302,0666,1,1,1,0,1,1,1,1,hldeliverylist
220,4410302,0666,1,1,1,0,1,1,1,1,hldeliverylist
221,4410302,0666,1,1,1,0,1,1,1,1,hldeliverylist
222,4410302,0666,1,1,1,0,1,1,1,1,hldeliverylist
223,4410302,0666,1,1,1,0,1,1,1,1,hldeliverylist
224,4410302,0666,1,1,1,0,1,1,1,1,hldeliverylist
225,4410302,0666,1,1,1,0,1,1,1,1,hldeliverylist
226,4410302,0666,1,1,1,0,1,1,1,1,hldeliverylist
227,4410302,0666,1,1,1,0,1,1,1,1,hldeliverylist
228,4410302,0666,1,1,1,0,1,1,1,1,hldeliverylist
229,4410302,0666,1,1,1,0,1,1,1,1,hldeliverylist
230,4410302,0666,1,1,1,0,1,1,1,1,hldeliverylist
231,4410302,0666,1,1,1,0,1,1,1,1,hldeliverylist
232,4410302,0666,1,1,1,0,1,1,1,1,hldeliverylist
233,4410302,0666,1,1,1,0,1,1,1,1,hldeliverylist
234,4410302,0666,1,1,1,0,1,1,1,1,hldeliverylist
235,4410302,0666,1,1,1,0,1,1,1,1,hldeliverylist
236,4410302,0666,1,1,1,0,1,1,1,1,hldeliverylist
237,4410302,0666,1,1,1,0,1,1,1,1,hldeliverylist
238,4410302,0666,1,1,1,0,1,1,1,1,hldeliverylist
239,4410302,0666,1,1,1,0,1,1,1,1,hldeliverylist
240,4410302,0666,1,1,1,0,1,1,1,1,hldeliverylist
241,4410302,0666,1,1,1,0,1,1,1,1,hldeliverylist
242,4410302,0666,1,1,1,0,1,1,1,1,hldeliverylist
243,4410302,0666,1,1,1,0,1,1,1,1,hldeliverylist
244,4410302,0666,1,1,1,0,1,1,1,1,hldeliverylist
245,4410302,0666,1,1,1,0,1,1,1,1,hldeliverylist
246,4410302,0666,1,1,1,0,1,1,1,1,hldeliverylist
247,4410302,0666,1,1,1,0,1,1,1,1,hldeliverylist
248,4410302,0666,1,1,1,0,1,1,1,1,hldeliverylist
249,4410302,0666,1,1,1,0,1,1,1,1,hldeliverylist
250,4410302,0666,1,1,1,0,1,1,1,1,hldeliverylist
251,4410302,0666,1,1,1,0,1,1,1,1,hldeliverylist
252,4410302,0666,1,1,1,0,1,1,1,1,hldeliverylist
253,4410302,0666,1,1,1,0,1,1,1,1,hldeliverylist
254,4410302,0666,1,1,1,0,1,1,1,1,hldeliverylist
255,4410302,0666,1,1,1,0,1,1,1,1,hldeliverylist
256,4410302,0666,1,1,1,0,1,1,1,1,hldeliverylist
257,4410302,0666,1,1,1,0,1,1,1,1,hldeliverylist
258,4410303,0666,1,1,1,0,1,1,1,1,hldeliverylist
259,4410303,0666,1,1,1,0,1,1,1,1,hldeliverylist
260,4410303,0666,1,1,1,0,1,1,1,1,hldeliverylist
261,4410303,0666,1,1,1,0,1,1,1,1,hldeliverylist
262,4410304,0666,1,1,1,0,1,1,1,1,hldeliverylist
263,4410304,0666,1,1,1,0,1,1,1,1,hldeliverylist
264,4410304,0666,1,1,1,0,1,1,1,1,hldeliverylist
265,4410304,0666,1,1,1,0,1,1,1,1,hldeliverylist
266,4410311,0666,1,1,1,0,1,1,1,1,hldeliverylist
267,4410311,0666,1,1,1,0,1,1,1,1,hldeliverylist
268,4410311,0666,1,1,1,0,1,1,1,1,hldeliverylist
269,4410311,0666,1,1,1,0,1,1,1,1,hldeliverylist
270,4410311,0666,1,1,1,0,1,1,1,1,hldeliverylist
271,4410311,0666,1,1,1,0,1,1,1,1,hldeliverylist
272,4410311,0666,1,1,1,0,1,1,1,1,hldeliverylist
273,4410311,0666,1,1,1,0,1,1,1,1,hldeliverylist
274,4410311,0666,1,1,1,0,1,1,1,1,hldeliverylist
275,4410311,0666,1,1,1,0,1,1,1,1,hldeliverylist
276,4410311,0666,1,1,1,0,1,1,1,1,hldeliverylist
277,4410311,0666,1,1,1,0,1,1,1,1,hldeliverylist
278,4410311,0666,1,1,1,0,1,1,1,1,hldeliverylist
279,4410311,0666,1,1,1,0,1,1,1,1,hldeliverylist
280,4410311,0666,1,1,1,0,1,1,1,1,hldeliverylist
281,4410311,0666,1,1,1,0,1,1,1,1,hldeliverylist
282,4410311,0666,1,1,1,0,1,1,1,1,hldeliverylist
283,4410311,0666,1,1,1,0,1,1,1,1,hldeliverylist
284,4410311,0666,1,1,1,0,1,1,1,1,hldeliverylist
285,4410311,0666,1,1,1,0,1,1,1,1,hldeliverylist
286,4410312,0666,1,1,1,0,1,1,1,1,hldeliverylist
287,4410312,0666,1,1,1,0,1,1,1,1,hldeliverylist
288,4410312,0666,1,1,1,0,1,1,1,1,hldeliverylist
289,4410312,0666,1,1,1,0,1,1,1,1,hldeliverylist
290,4410312,0666,1,1,1,0,1,1,1,1,hldeliverylist
291,4410312,0666,1,1,1,0,1,1,1,1,hldeliverylist
292,4410312,0666,1,1,1,0,1,1,1,1,hldeliverylist
293,4410312,0666,1,1,1,0,1,1,1,1,hldeliverylist
294,4410312,0666,1,1,1,0,1,1,1,1,hldeliverylist
295,4410312,0666,1,1,1,0,1,1,1,1,hldeliverylist
296,4410312,0666,1,1,1,0,1,1,1,1,hldeliverylist
297,4410312,0666,1,1,1,0,1,1,1,1,hldeliverylist
298,4410312,0666,1,1,1,0,1,1,1,1,hldeliverylist
299,4410312,0666,1,1,1,0,1,1,1,1,hldeliverylist
300,4410312,0666,1,1,1,0,1,1,1,1,hldeliverylist
301,4410312,0666,1,1,1,0,1,1,1,1,hldeliverylist
302,4410312,0666,1,1,1,0,1,1,1,1,hldeliverylist
303,4410312,0666,1,1,1,0,1,1,1,1,hldeliverylist
304,4410312,0666,1,1,1,0,1,1,1,1,hldeliverylist
305,4410312,0666,1,1,1,0,1,1,1,1,hldeliverylist
306,4410313,0666,1,1,1,0,1,1,1,1,hldeliverylist
307,4410313,0666,1,1,1,0,1,1,1,1,hldeliverylist
308,4410313,0666,1,1,1,0,1,1,1,1,hldeliverylist
309,4410313,0666,1,1,1,0,1,1,1,1,hldeliverylist
310,4410313,0666,1,1,1,0,1,1,1,1,hldeliverylist
311,4410313,0666,1,1,1,0,1,1,1,1,hldeliverylist
312,4410313,0666,1,1,1,0,1,1,1,1,hldeliverylist
313,4410313,0666,1,1,1,0,1,1,1,1,hldeliverylist
314,4410313,0666,1,1,1,0,1,1,1,1,hldeliverylist
315,4410313,0666,1,1,1,0,1,1,1,1,hldeliverylist
316,4410313,0666,1,1,1,0,1,1,1,1,hldeliverylist
317,4410313,0666,1,1,1,0,1,1,1,1,hldeliverylist
318,4410313,0666,1,1,1,0,1,1,1,1,hldeliverylist
319,4410313,0666,1,1,1,0,1,1,1,1,hldeliverylist
320,4410313,0666,1,1,1,0,1,1,1,1,hldeliverylist
321,4410313,0666,1,1,1,0,1,1,1,1,hldeliverylist
322,4410313,0666,1,1,1,0,1,1,1,1,hldeliverylist
323,4410314,0666,1,1,1,0,1,1,1,1,hldeliverylist
324,4410314,0666,1,1,1,0,1,1,1,1,hldeliverylist
325,4410315,0666,1,1,1,0,1,1,1,1,hldeliverylist
326,4410315,0666,1,1,1,0,1,1,1,1,hldeliverylist
327,4410315,0666,1,1,1,0,1,1,1,1,hldeliverylist
328,4410315,0666,1,1,1,0,1,1,1,1,hldeliverylist
329,4410315,0666,1,1,1,0,1,1,1,1,hldeliverylist
330,4410315,0666,1,1,1,0,1,1,1,1,hldeliverylist
331,4410315,0666,1,1,1,0,1,1,1,1,hldeliverylist
332,4410315,0666,1,1,1,0,1,1,1,1,hldeliverylist
333,4410315,0666,1,1,1,0,1,1,1,1,hldeliverylist
334,4410315,0666,1,1,1,0,1,1,1,1,hldeliverylist
335,4410315,0666,1,1,1,0,1,1,1,1,hldeliverylist
336,4410315,0666,1,1,1,0,1,1,1,1,hldeliverylist
337,4410315,0666,1,1,1,0,1,1,1,1,hldeliverylist
338,4410316,0666,1,1,1,0,1,1,1,1,hldeliverylist
339,4410316,0666,1,1,1,0,1,1,1,1,hldeliverylist
340,4410316,0666,1,1,1,0,1,1,1,1,hldeliverylist
341,4410316,0666,1,1,1,0,1,1,1,1,hldeliverylist
342,4410316,0666,1,1,1,0,1,1,1,1,hldeliverylist
343,4410316,0666,1,1,1,0,1,1,1,1,hldeliverylist
344,4410316,0666,1,1,1,0,1,1,1,1,hldeliverylist
345,4410316,0666,1,1,1,0,1,1,1,1,hldeliverylist
346,4410316,0666,1,1,1,0,1,1,1,1,hldeliverylist
347,4410316,0666,1,1,1,0,1,1,1,1,hldeliverylist
348,4410316,0666,1,1,1,0,1,1,1,1,hldeliverylist
349,4410316,0666,1,1,1,0,1,1,1,1,hldeliverylist
350,4410316,0666,1,1,1,0,1,1,1,1,hldeliverylist
351,4410316,0666,1,1,1,0,1,1,1,1,hldeliverylist
352,4410316,0666,1,1,1,0,1,1,1,1,hldeliverylist
353,4410316,0666,1,1,1,0,1,1,1,1,hldeliverylist
354,4410316,0666,1,1,1,0,1,1,1,1,hldeliverylist
355,4410316,0666,1,1,1,0,1,1,1,1,hldeliverylist
356,4410316,0666,1,1,1,0,1,1,1,1,hldeliverylist
357,4410316,0666,1,1,1,0,1,1,1,1,hldeliverylist
358,4410321,0666,1,1,1,0,1,1,1,1,hldeliverylist
359,4410321,0666,1,1,1,0,1,1,1,1,hldeliverylist
360,4410321,0666,1,1,1,0,1,1,1,1,hldeliverylist
361,4410321,0666,1,1,1,0,1,1,1,1,hldeliverylist
362,4410321,0666,1,1,1,0,1,1,1,1,hldeliverylist
363,4410321,0666,1,1,1,0,1,1,1,1,hldeliverylist
364,4410321,0666,1,1,1,0,1,1,1,1,hldeliverylist
365,4410321,0666,1,1,1,0,1,1,1,1,hldeliverylist
366,4410321,0666,1,1,1,0,1,1,1,1,hldeliverylist
367,4410321,0666,1,1,1,0,1,1,1,1,hldeliverylist
368,4410321,0666,1,1,1,0,1,1,1,1,hldeliverylist
369,4410321,0666,1,1,1,0,1,1,1,1,hldeliverylist
370,4410321,0666,1,1,1,0,1,1,1,1,hldeliverylist
371,4410321,0666,1,1,1,0,1,1,1,1,hldeliverylist
372,4410321,0666,1,1,1,0,1,1,1,1,hldeliverylist
373,4410321,0666,1,1,1,0,1,1,1,1,hldeliverylist
374,4410321,0666,1,1,1,0,1,1,1,1,hldeliverylist
375,4410321,0666,1,1,1,0,1,1,1,1,hldeliverylist
376,4410321,0666,1,1,1,0,1,1,1,1,hldeliverylist
377,4410321,0666,1,1,1,0,1,1,1,1,hldeliverylist
378,4410321,0666,1,1,1,0,1,1,1,1,hldeliverylist
379,4410321,0666,1,1,1,0,1,1,1,1,hldeliverylist
380,4410321,0666,1,1,1,0,1,1,1,1,hldeliverylist
381,4410321,0666,1,1,1,0,1,1,1,1,hldeliverylist
382,4410321,0666,1,1,1,0,1,1,1,1,hldeliverylist
383,4410322,0666,1,1,1,0,1,1,1,1,hldeliverylist
384,4410322,0666,1,1,1,0,1,1,1,1,hldeliverylist
385,4410322,0666,1,1,1,0,1,1,1,1,hldeliverylist
386,4410322,0666,1,1,1,0,1,1,1,1,hldeliverylist
387,4410322,0666,1,1,1,0,1,1,1,1,hldeliverylist
388,4410322,0666,1,1,1,0,1,1,1,1,hldeliverylist
389,4410322,0666,1,1,1,0,1,1,1,1,hldeliverylist
390,4410322,0666,1,1,1,0,1,1,1,1,hldeliverylist
391,4410322,0666,1,1,1,0,1,1,1,1,hldeliverylist
392,4410322,0666,1,1,1,0,1,1,1,1,hldeliverylist
393,4410322,0666,1,1,1,0,1,1,1,1,hldeliverylist
394,4410322,0666,1,1,1,0,1,1,1,1,hldeliverylist
395,4410322,0666,1,1,1,0,1,1,1,1,hldeliverylist
396,4410322,0666,1,1,1,0,1,1,1,1,hldeliverylist
397,4410322,0666,1,1,1,0,1,1,1,1,hldeliverylist
398,4410322,0666,1,1,1,0,1,1,1,1,hldeliverylist
399,4410322,0666,1,1,1,0,1,1,1,1,hldeliverylist
400,4410322,0666,1,1,1,0,1,1,1,1,hldeliverylist
401,4410322,0666,1,1,1,0,1,1,1,1,hldeliverylist
402,4410322,0666,1,1,1,0,1,1,1,1,hldeliverylist
403,4410322,0666,1,1,1,0,1,1,1,1,hldeliverylist
404,4410322,0666,1,1,1,0,1,1,1,1,hldeliverylist
405,4410322,0666,1,1,1,0,1,1,1,1,hldeliverylist
406,4410322,0666,1,1,1,0,1,1,1,1,hldeliverylist
407,4410322,0666,1,1,1,0,1,1,1,1,hldeliverylist
408,4410322,0666,1,1,1,0,1,1,1,1,hldeliverylist
409,4410322,0666,1,1,1,0,1,1,1,1,hldeliverylist
410,4410323,0666,1,1,1,0,1,1,1,1,hldeliverylist
411,4410323,0666,1,1,1,0,1,1,1,1,hldeliverylist
412,4410323,0666,1,1,1,0,1,1,1,1,hldeliverylist
413,4410323,0666,1,1,1,0,1,1,1,1,hldeliverylist
414,4410323,0666,1,1,1,0,1,1,1,1,hldeliverylist
415,4410323,0666,1,1,1,0,1,1,1,1,hldeliverylist
416,4410323,0666,1,1,1,0,1,1,1,1,hldeliverylist
417,4410323,0666,1,1,1,0,1,1,1,1,hldeliverylist
418,4410323,0666,1,1,1,0,1,1,1,1,hldeliverylist
419,4410323,0666,1,1,1,0,1,1,1,1,hldeliverylist
420,4410323,0666,1,1,1,0,1,1,1,1,hldeliverylist
421,4410323,0666,1,1,1,0,1,1,1,1,hldeliverylist
422,4410323,0666,1,1,1,0,1,1,1,1,hldeliverylist
423,4410323,0666,1,1,1,0,1,1,1,1,hldeliverylist
424,4410323,0666,1,1,1,0,1,1,1,1,hldeliverylist
425,4410323,0666,1,1,1,0,1,1,1,1,hldeliverylist
426,4410323,0666,1,1,1,0,1,1,1,1,hldeliverylist
427,4410323,0666,1,1,1,0,1,1,1,1,hldeliverylist
428,4410323,0666,1,1,1,0,1,1,1,1,hldeliverylist
429,4410323,0666,1,1,1,0,1,1,1,1,hldeliverylist
430,4410323,0666,1,1,1,0,1,1,1,1,hldeliverylist
431,4410323,0666,1,1,1,0,1,1,1,1,hldeliverylist
432,4410323,0666,1,1,1,0,1,1,1,1,hldeliverylist
433,4410323,0666,1,1,1,0,1,1,1,1,hldeliverylist
434,4410323,0666,1,1,1,0,1,1,1,1,hldeliverylist
435,4410323,0666,1,1,1,0,1,1,1,1,hldeliverylist
436,4410323,0666,1,1,1,0,1,1,1,1,hldeliverylist
437,4410323,0666,1,1,1,0,1,1,1,1,hldeliverylist
438,4410323,0666,1,1,1,0,1,1,1,1,hldeliverylist
439,4410323,0666,1,1,1,0,1,1,1,1,hldeliverylist
440,4410323,0666,1,1,1,0,1,1,1,1,hldeliverylist
441,4410323,0666,1,1,1,0,1,1,1,1,hldeliverylist
442,4410323,0666,1,1,1,0,1,1,1,1,hldeliverylist
443,4410323,0666,1,1,1,0,1,1,1,1,hldeliverylist
444,4410323,0666,1,1,1,0,1,1,1,1,hldeliverylist
445,4410323,0666,1,1,1,0,1,1,1,1,hldeliverylist
446,4410323,0666,1,1,1,0,1,1,1,1,hldeliverylist
447,4410323,0666,1,1,1,0,1,1,1,1,hldeliverylist
448,4410323,0666,1,1,1,0,1,1,1,1,hldeliverylist
449,4410323,0666,1,1,1,0,1,1,1,1,hldeliverylist
450,4410323,0666,1,1,1,0,1,1,1,1,hldeliverylist
451,4411101,0666,1,1,1,0,1,1,1,1,hldeliverylist
452,4411102,0666,1,1,1,0,1,1,1,1,hldeliverylist
453,4411103,0666,1,1,1,0,1,1,1,1,hldeliverylist
454,4411104,0666,1,1,1,0,1,1,1,1,hldeliverylist
455,4411105,0666,1,1,1,0,1,1,1,1,hldeliverylist
456,4411106,0666,1,1,1,0,1,1,1,1,hldeliverylist
457,4411111,0666,1,1,1,0,1,1,1,1,hldeliverylist
458,4411112,0666,1,1,1,0,1,1,1,1,hldeliverylist
459,4411113,0666,1,1,1,0,1,1,1,1,hldeliverylist
460,4411114,0666,1,1,1,0,1,1,1,1,hldeliverylist
461,4411115,0666,1,1,1,0,1,1,1,1,hldeliverylist
462,4411201,0666,1,1,1,0,1,1,1,1,hldeliverylist
463,4411202,0666,1,1,1,0,1,1,1,1,hldeliverylist
464,4411203,0666,1,1,1,0,1,1,1,1,hldeliverylist
465,4411204,0666,1,1,1,0,1,1,1,1,hldeliverylist
466,4411205,0666,1,1,1,0,1,1,1,1,hldeliverylist
467,4411206,0666,1,1,1,0,1,1,1,1,hldeliverylist
468,4411211,0666,1,1,1,0,1,1,1,1,hldeliverylist
469,4411212,0666,1,1,1,0,1,1,1,1,hldeliverylist
470,4411221,0666,1,1,1,0,1,1,1,1,hldeliverylist
471,4411222,0666,1,1,1,0,1,1,1,1,hldeliverylist
472,4411223,0666,1,1,1,0,1,1,1,1,hldeliverylist
473,4411231,0666,1,1,1,0,1,1,1,1,hldeliverylist
474,4411300,0666,1,1,0,0,1,0,1,0,hldeliverylist
475,4411301,0666,1,1,0,0,1,0,1,0,hldeliverylist
476,4411302,0666,1,1,0,0,1,0,1,0,hldeliverylist
477,4411303,0666,1,1,0,0,1,0,1,0,hldeliverylist
478,4411304,0666,1,1,0,0,1,0,1,0,hldeliverylist
479,4411305,0666,1,1,0,0,1,0,1,0,hldeliverylist
480,4411306,0666,1,1,0,0,1,0,1,0,hldeliverylist
481,4411307,0666,1,1,0,0,1,0,1,0,hldeliverylist
482,4411311,0666,1,1,0,0,1,0,1,0,hldeliverylist
483,4411312,0666,1,1,0,0,1,0,1,0,hldeliverylist
484,4411313,0666,1,1,0,0,1,0,1,0,hldeliverylist
485,4411314,0666,1,1,0,0,1,0,1,0,hldeliverylist
486,4411315,0666,1,1,0,0,1,0,1,0,hldeliverylist
487,4411316,0666,1,1,0,0,1,0,1,0,hldeliverylist
488,4411317,0666,1,1,0,0,1,0,1,0,hldeliverylist
489,4411318,0666,1,1,0,0,1,0,1,0,hldeliverylist
490,4411321,0666,1,1,0,0,1,0,1,0,hldeliverylist
491,4411322,0666,1,1,0,0,1,0,1,0,hldeliverylist
492,4411323,0666,1,1,0,0,1,0,1,0,hldeliverylist
493,4411324,0666,1,1,0,0,1,0,1,0,hldeliverylist
494,4411325,0666,1,1,0,0,1,0,1,0,hldeliverylist
495,4411326,0666,1,1,0,0,1,0,1,0,hldeliverylist
496,4411327,0666,1,1,0,0,1,0,1,0,hldeliverylist
497,4411328,0666,1,1,0,0,1,0,1,0,hldeliverylist
498,4411329,0666,1,1,0,0,1,0,1,0,hldeliverylist
499,4411331,0666,1,1,0,0,1,0,1,0,hldeliverylist
500,4411332,0666,1,1,0,0,1,0,1,0,hldeliverylist
501,4411333,0666,1,1,0,0,1,0,1,0,hldeliverylist
502,4411334,0666,1,1,0,0,1,0,1,0,hldeliverylist
503,4411335,0666,1,1,0,0,1,0,1,0,hldeliverylist
504,4411336,0666,1,1,0,0,1,0,1,0,hldeliverylist
505,4411337,0666,1,1,0,0,1,0,1,0,hldeliverylist
506,4411338,0666,1,1,0,0,1,0,1,0,hldeliverylist
507,4411341,0666,1,1,0,0,1,0,1,0,hldeliverylist
508,4411342,0666,1,1,0,0,1,0,1,0,hldeliverylist
509,4411343,0666,1,1,0,0,1,0,1,0,hldeliverylist
510,4411344,0666,1,1,0,0,1,0,1,0,hldeliverylist
511,4411345,0666,1,1,0,0,1,0,1,0,hldeliverylist
512,4411346,0666,1,1,0,0,1,0,1,0,hldeliverylist
513,4411347,0666,1,1,0,0,1,0,1,0,hldeliverylist
514,4411348,0666,1,1,0,0,1,0,1,0,hldeliverylist
515,4411351,0666,1,1,0,0,1,0,1,0,hldeliverylist
516,4411352,0666,1,1,0,0,1,0,1,0,hldeliverylist
517,4411353,0666,1,1,0,0,1,0,1,0,hldeliverylist
518,4411354,0666,1,1,0,0,1,0,1,0,hldeliverylist
519,4411355,0666,1,1,0,0,1,0,1,0,hldeliverylist
520,4411361,0666,1,1,0,0,1,0,1,0,hldeliverylist
521,4411362,0666,1,1,0,0,1,0,1,0,hldeliverylist
522,4411363,0666,1,1,0,0,1,0,1,0,hldeliverylist
523,4411364,0666,1,1,0,0,1,0,1,0,hldeliverylist
524,4411365,0666,1,1,0,0,1,0,1,0,hldeliverylist
525,4411366,0666,1,1,0,0,1,0,1,0,hldeliverylist
526,4411367,0666,1,1,0,0,1,0,1,0,hldeliverylist
527,4411368,0666,1,1,0,0,1,0,1,0,hldeliverylist
528,4411371,0666,1,1,0,0,1,0,1,0,hldeliverylist
529,4411372,0666,1,1,0,0,1,0,1,0,hldeliverylist
530,4411373,0666,1,1,0,0,1,0,1,0,hldeliverylist
531,4411374,0666,1,1,0,0,1,0,1,0,hldeliverylist
532,4411375,0666,1,1,0,0,1,0,1,0,hldeliverylist
533,4411376,0666,1,1,0,0,1,0,1,0,hldeliverylist
534,4411377,0666,1,1,0,0,1,0,1,0,hldeliverylist
535,4411378,0666,1,1,0,0,1,0,1,0,hldeliverylist
536,4411381,0666,1,1,0,0,1,0,1,0,hldeliverylist
537,4411382,0666,1,1,0,0,1,0,1,0,hldeliverylist
538,4411383,0666,1,1,0,0,1,0,1,0,hldeliverylist
539,4411384,0666,1,1,0,0,1,0,1,0,hldeliverylist
540,4411385,0666,1,1,0,0,1,0,1,0,hldeliverylist
541,4411386,0666,1,1,0,0,1,0,1,0,hldeliverylist
542,4411387,0666,1,1,0,0,1,0,1,0,hldeliverylist
543,4411388,0666,1,1,0,0,1,0,1,0,hldeliverylist
544,4411401,0666,1,1,0,0,1,0,1,0,hldeliverylist
545,4411402,0666,1,1,0,0,1,0,1,0,hldeliverylist
546,4411403,0666,1,1,0,0,1,0,1,0,hldeliverylist
547,4411404,0666,1,1,0,0,1,0,1,0,hldeliverylist
548,4411411,0666,1,1,0,0,1,0,1,0,hldeliverylist
549,4411412,0666,1,1,0,0,1,0,1,0,hldeliverylist
550,4411413,0666,1,1,0,0,1,0,1,0,hldeliverylist
551,4411414,0666,1,1,0,0,1,0,1,0,hldeliverylist
552,4411421,0666,1,1,0,0,1,0,1,0,hldeliverylist
553,4411422,0666,1,1,0,0,1,0,1,0,hldeliverylist
554,4411423,0666,1,1,0,0,1,0,1,0,hldeliverylist
555,4411424,0666,1,1,0,0,1,0,1,0,hldeliverylist
556,4411531,0666,1,1,0,0,1,0,1,0,hldeliverylist
557,4411532,0666,1,1,0,0,1,0,1,0,hldeliverylist
558,4411533,0666,1,1,0,0,1,0,1,0,hldeliverylist
559,4411534,0666,1,1,0,0,1,0,1,0,hldeliverylist
560,4411535,0666,1,1,0,0,1,0,1,0,hldeliverylist
561,4411536,0666,1,1,0,0,1,0,1,0,hldeliverylist
562,4411601,0666,1,1,0,0,1,0,1,0,hldeliverylist
563,4411602,0666,1,1,0,0,1,0,1,0,hldeliverylist
564,4411603,0666,1,1,0,0,1,0,1,0,hldeliverylist
565,4411604,0666,1,1,0,0,1,0,1,0,hldeliverylist
566,4411605,0666,1,1,0,0,1,0,1,0,hldeliverylist
567,4411611,0666,1,1,0,0,1,0,1,0,hldeliverylist
568,4411612,0666,1,1,0,0,1,0,1,0,hldeliverylist
569,4411613,0666,1,1,0,0,1,0,1,0,hldeliverylist
570,4411614,0666,1,1,0,0,1,0,1,0,hldeliverylist
571,4411615,0666,1,1,0,0,1,0,1,0,hldeliverylist
572,4411616,0666,1,1,0,0,1,0,1,0,hldeliverylist
573,4411621,0666,1,1,0,0,1,0,1,0,hldeliverylist
574,4411622,0666,1,1,0,0,1,0,1,0,hldeliverylist
575,4411623,0666,1,1,0,0,1,0,1,0,hldeliverylist
576,4411624,0666,1,1,0,0,1,0,1,0,hldeliverylist
577,4411631,0666,1,1,0,0,1,0,1,0,hldeliverylist
578,4411632,0666,1,1,0,0,1,0,1,0,hldeliverylist
579,4411633,0666,1,1,0,0,1,0,1,0,hldeliverylist
580,4411634,0666,1,1,0,0,1,0,1,0,hldeliverylist
581,4411636,0666,1,1,0,0,1,0,1,0,hldeliverylist
582,4411693,0666,1,1,0,0,1,0,1,0,hldeliverylist
583,4411941,0666,1,1,0,0,1,0,1,0,hldeliverylist
584,4411942,0666,1,1,0,0,1,0,1,0,hldeliverylist
585,4411943,0666,1,1,0,0,1,0,1,0,hldeliverylist
586,4411944,0666,1,1,0,0,1,0,1,0,hldeliverylist
587,4411945,0666,1,1,0,0,1,0,1,0,hldeliverylist
588,4411946,0666,1,1,0,0,1,0,1,0,hldeliverylist
589,4411951,0666,1,1,0,0,1,0,1,0,hldeliverylist
590,4411952,0666,1,1,0,0,1,0,1,0,hldeliverylist
591,4411953,0666,1,1,0,0,1,0,1,0,hldeliverylist
592,4411954,0666,1,1,0,0,1,0,1,0,hldeliverylist
593,4411955,0666,1,1,0,0,1,0,1,0,hldeliverylist
594,4411956,0666,1,1,0,0,1,0,1,0,hldeliverylist
595,4412221,0666,3,0,0,0,0,0,0,0,hldeliverylist
596,4412222,0666,3,0,0,0,0,0,0,0,hldeliverylist
597,4412223,0666,3,0,0,0,0,0,0,0,hldeliverylist
598,4412224,0666,3,0,0,0,0,0,0,0,hldeliverylist
599,4412300,0666,3,0,0,0,0,0,0,0,hldeliverylist
600,4412301,0666,3,0,0,0,0,0,0,0,hldeliverylist
601,4412302,0666,3,0,0,0,0,0,0,0,hldeliverylist
602,4412303,0666,3,0,0,0,0,0,0,0,hldeliverylist
603,4412311,0666,3,0,0,0,0,0,0,0,hldeliverylist
604,4412312,0666,3,0,0,0,0,0,0,0,hldeliverylist
605,4412313,0666,3,0,0,0,0,0,0,0,hldeliverylist
606,4412314,0666,3,0,0,0,0,0,0,0,hldeliverylist
607,4412315,0666,3,0,0,0,0,0,0,0,hldeliverylist
608,4412316,0666,3,0,0,0,0,0,0,0,hldeliverylist
609,4412317,0666,3,0,0,0,0,0,0,0,hldeliverylist
610,4412431,0666,3,0,0,0,0,0,0,0,hldeliverylist
611,4412432,0666,3,0,0,0,0,0,0,0,hldeliverylist
612,4412433,0666,3,0,0,0,0,0,0,0,hldeliverylist
613,4412434,0666,3,0,0,0,0,0,0,0,hldeliverylist
614,4412511,0689,1,0,0,0,0,0,0,1,hldeliverylist
615,4412512,0689,1,0,0,0,0,0,0,1,hldeliverylist
616,4412513,0689,1,0,0,0,0,0,0,1,hldeliverylist
617,4412514,0689,1,0,0,0,0,0,0,1,hldeliverylist
618,4412515,0689,1,0,0,0,0,0,0,1,hldeliverylist
619,4412516,0689,1,0,0,0,0,0,0,1,hldeliverylist
620,4412517,0689,1,0,0,0,0,0,0,1,hldeliverylist
621,4412521,0689,1,0,0,0,0,0,0,1,hldeliverylist
622,4412522,0689,1,0,0,0,0,0,0,1,hldeliverylist
623,4412523,0689,1,0,0,0,0,0,0,1,hldeliverylist
624,4412524,0689,1,0,0,0,0,0,0,1,hldeliverylist
625,4412525,0689,1,0,0,0,0,0,0,1,hldeliverylist
626,4412526,0689,1,0,0,0,0,0,0,1,hldeliverylist
627,4412531,0666,3,0,0,0,0,0,0,0,hldeliverylist
628,4412601,0666,3,0,0,0,0,0,0,0,hldeliverylist
629,4413101,0666,1,1,1,0,1,1,1,1,hldeliverylist
630,4413102,0666,1,1,1,0,1,1,1,1,hldeliverylist
631,4413103,0666,1,1,1,0,1,1,1,1,hldeliverylist
632,4413104,0666,1,1,1,0,1,1,1,1,hldeliverylist
633,4413105,0666,1,1,1,0,1,1,1,1,hldeliverylist
634,4413106,0666,1,1,1,0,1,1,1,1,hldeliverylist
635,4413111,0666,1,1,1,0,1,1,1,1,hldeliverylist
636,4413112,0666,1,1,1,0,1,1,1,1,hldeliverylist
637,4413113,0666,1,1,1,0,1,1,1,1,hldeliverylist
638,4413114,0666,1,1,1,0,1,1,1,1,hldeliverylist
639,4413115,0666,1,1,1,0,1,1,1,1,hldeliverylist
640,4413121,0666,1,1,1,0,1,1,1,1,hldeliverylist
641,4413122,0666,1,1,1,0,1,1,1,1,hldeliverylist
642,4413123,0666,1,1,1,0,1,1,1,1,hldeliverylist
643,4413124,0666,1,1,1,0,1,1,1,1,hldeliverylist
644,4413125,0666,1,1,1,0,1,1,1,1,hldeliverylist
645,4413126,0666,1,1,1,0,1,1,1,1,hldeliverylist
646,4413131,0666,1,1,1,0,1,1,1,1,hldeliverylist
647,4413132,0666,1,1,1,0,1,1,1,1,hldeliverylist
648,4413133,0666,1,1,1,0,1,1,1,1,hldeliverylist
649,4413134,0666,1,1,1,0,1,1,1,1,hldeliverylist
650,4413141,0666,1,1,1,0,1,1,1,1,hldeliverylist
651,4413142,0666,1,1,1,0,1,1,1,1,hldeliverylist
652,4413143,0666,1,1,1,0,1,1,1,1,hldeliverylist
653,4413144,0666,1,1,1,0,1,1,1,1,hldeliverylist
654,4413145,0666,1,1,1,0,1,1,1,1,hldeliverylist
655,4413146,0666,1,1,1,0,1,1,1,1,hldeliverylist
656,4413147,0666,1,1,1,0,1,1,1,1,hldeliverylist
657,4413151,0666,1,1,1,0,1,1,1,1,hldeliverylist
658,4413152,0666,1,1,1,0,1,1,1,1,hldeliverylist
659,4413153,0666,1,1,1,0,1,1,1,1,hldeliverylist
660,4413154,0666,1,1,1,0,1,1,1,1,hldeliverylist
661,4413155,0666,1,1,1,0,1,1,1,1,hldeliverylist
662,4413201,0666,1,1,1,0,1,1,1,1,hldeliverylist
663,4413202,0666,1,1,1,0,1,1,1,1,hldeliverylist
664,4413203,0666,1,1,1,0,1,1,1,1,hldeliverylist
665,4413211,0666,1,1,1,0,1,1,1,1,hldeliverylist
666,4413212,0666,1,1,1,0,1,1,1,1,hldeliverylist
667,4413213,0666,1,1,1,0,1,1,1,1,hldeliverylist
668,4413214,0666,1,1,1,0,1,1,1,1,hldeliverylist
669,4413301,0666,1,1,1,0,1,1,1,1,hldeliverylist
670,4413302,0666,1,1,1,0,1,1,1,1,hldeliverylist
671,4413400,0666,1,1,0,0,1,1,1,1,hldeliverylist
672,4413401,0666,1,1,0,0,1,1,1,1,hldeliverylist
673,4413402,0666,1,1,0,0,1,1,1,1,hldeliverylist
674,4413403,0666,1,1,0,0,1,1,1,1,hldeliverylist
675,4413404,0666,1,1,0,0,1,1,1,1,hldeliverylist
676,4413405,0666,1,1,0,0,1,1,1,1,hldeliverylist
677,4413406,0666,1,1,0,0,1,1,1,1,hldeliverylist
678,4413407,0666,1,1,0,0,1,1,1,1,hldeliverylist
679,4413408,0666,1,1,0,0,1,1,1,1,hldeliverylist
680,4413409,0666,1,1,0,0,1,1,1,1,hldeliverylist
681,4413411,0666,1,1,0,0,1,1,1,1,hldeliverylist
682,4413412,0666,1,1,0,0,1,1,1,1,hldeliverylist
683,4413413,0666,1,1,0,0,1,1,1,1,hldeliverylist
684,4413414,0666,1,1,0,0,1,1,1,1,hldeliverylist
685,4413415,0666,1,1,0,0,1,1,1,1,hldeliverylist
686,4413416,0666,1,1,0,0,1,1,1,1,hldeliverylist
687,4413417,0666,1,1,0,0,1,1,1,1,hldeliverylist
688,4413418,0666,1,1,0,0,1,1,1,1,hldeliverylist
689,4413419,0666,1,1,0,0,1,1,1,1,hldeliverylist
690,4413421,0666,1,1,0,0,1,1,1,1,hldeliverylist
691,4413422,0666,1,1,0,0,1,1,1,1,hldeliverylist
692,4413423,0666,1,1,0,0,1,1,1,1,hldeliverylist
693,4413424,0666,1,1,0,0,1,1,1,1,hldeliverylist
694,4413425,0666,1,1,0,0,1,1,1,1,hldeliverylist
695,4413426,0666,1,1,0,0,1,1,1,1,hldeliverylist
696,4413427,0666,1,1,0,0,1,1,1,1,hldeliverylist
697,4413431,0666,1,1,0,0,1,1,1,1,hldeliverylist
698,4413432,0666,1,1,0,0,1,1,1,1,hldeliverylist
699,4413433,0666,1,1,0,0,1,1,1,1,hldeliverylist
700,4413434,0666,1,1,0,0,1,1,1,1,hldeliverylist
701,4413435,0666,1,1,0,0,1,1,1,1,hldeliverylist
702,4413436,0666,1,1,0,0,1,1,1,1,hldeliverylist
703,4413501,0666,1,1,0,0,1,1,1,1,hldeliverylist
704,4413502,0666,1,1,0,0,1,1,1,1,hldeliverylist
705,4413503,0666,1,1,0,0,1,1,1,1,hldeliverylist
706,4413504,0666,1,1,0,0,1,1,1,1,hldeliverylist
707,4413505,0666,1,1,0,0,1,1,1,1,hldeliverylist
708,4413601,0666,1,1,0,0,1,1,1,1,hldeliverylist
709,4413602,0666,1,1,0,0,1,1,1,1,hldeliverylist
710,4413603,0666,1,1,0,0,1,1,1,1,hldeliverylist
711,4413604,0666,1,1,0,0,1,1,1,1,hldeliverylist
712,4413605,0666,1,1,0,0,1,1,1,1,hldeliverylist
713,4413606,0666,1,1,0,0,1,1,1,1,hldeliverylist
714,4413607,0666,1,1,0,0,1,1,1,1,hldeliverylist
715,4413608,0666,1,1,0,0,1,1,1,1,hldeliverylist
716,4413609,0666,1,1,0,0,1,1,1,1,hldeliverylist
717,4413611,0666,1,1,0,0,1,1,1,1,hldeliverylist
718,4413612,0666,1,1,0,0,1,1,1,1,hldeliverylist
719,4413613,0666,1,1,0,0,1,1,1,1,hldeliverylist
720,4413614,0666,1,1,0,0,1,1,1,1,hldeliverylist
721,4413615,0666,1,1,0,0,1,1,1,1,hldeliverylist
722,4413616,0666,1,1,0,0,1,1,1,1,hldeliverylist
723,4413617,0666,1,1,0,0,1,1,1,1,hldeliverylist
724,4413618,0666,1,1,0,0,1,1,1,1,hldeliverylist
725,4413619,0666,1,1,0,0,1,1,1,1,hldeliverylist
726,4413621,0666,1,1,0,0,1,1,1,1,hldeliverylist
727,4413622,0666,1,1,0,0,1,1,1,1,hldeliverylist
728,4413623,0666,1,1,0,0,1,1,1,1,hldeliverylist
729,4413624,0666,1,1,0,0,1,1,1,1,hldeliverylist
730,4413625,0666,1,1,0,0,1,1,1,1,hldeliverylist
731,4413626,0666,1,1,0,0,1,1,1,1,hldeliverylist
732,4413627,0666,1,1,0,0,1,1,1,1,hldeliverylist
733,4418001,0666,1,1,1,0,1,1,1,1,hldeliverylist
734,4418002,0666,1,1,1,0,1,1,1,1,hldeliverylist
735,4418003,0666,1,1,1,0,1,1,1,1,hldeliverylist
736,4418004,0666,1,1,1,0,1,1,1,1,hldeliverylist
737,4418005,0666,1,1,1,0,1,1,1,1,hldeliverylist
738,4418006,0666,1,1,1,0,1,1,1,1,hldeliverylist
739,4418007,0666,1,1,1,0,1,1,1,1,hldeliverylist
740,4418008,0666,1,1,1,0,1,1,1,1,hldeliverylist
741,4418011,0666,1,1,1,0,1,1,1,1,hldeliverylist
742,4418012,0666,1,1,1,0,1,1,1,1,hldeliverylist
743,4418013,0666,1,1,1,0,1,1,1,1,hldeliverylist
744,4418014,0666,1,1,1,0,1,1,1,1,hldeliverylist
745,4418015,0666,1,1,1,0,1,1,1,1,hldeliverylist
746,4418016,0666,1,1,1,0,1,1,1,1,hldeliverylist
747,4418017,0666,1,1,1,0,1,1,1,1,hldeliverylist
748,4418018,0666,1,1,1,0,1,1,1,1,hldeliverylist
749,4418019,0666,1,1,1,0,1,1,1,1,hldeliverylist
750,4418021,0666,1,1,1,0,1,1,1,1,hldeliverylist
751,4418022,0666,1,1,1,0,1,1,1,1,hldeliverylist
752,4418023,0666,1,1,1,0,1,1,1,1,hldeliverylist
753,4418024,0666,1,1,1,0,1,1,1,1,hldeliverylist
754,4418024,0666,1,1,1,0,1,1,1,1,hldeliverylist
755,4418024,0666,1,1,1,0,1,1,1,1,hldeliverylist
756,4418025,0666,1,1,1,0,1,1,1,1,hldeliverylist
757,4418026,0666,1,1,1,0,1,1,1,1,hldeliverylist
758,4418027,0666,1,1,1,0,1,1,1,1,hldeliverylist
759,4418028,0666,1,1,1,0,1,1,1,1,hldeliverylist
760,4418029,0666,1,1,1,0,1,1,1,1,hldeliverylist
761,4418031,0666,1,1,1,0,1,1,1,1,hldeliverylist
762,4418032,0666,1,1,1,0,1,1,1,1,hldeliverylist
763,4418033,0666,1,1,1,0,1,1,1,1,hldeliverylist
764,4418034,0666,1,1,1,0,1,1,1,1,hldeliverylist
765,4418035,0666,1,1,1,0,1,1,1,1,hldeliverylist
766,4418036,0666,1,1,1,0,1,1,1,1,hldeliverylist
767,4418037,0666,1,1,1,0,1,1,1,1,hldeliverylist
768,4418038,0666,1,1,1,0,1,1,1,1,hldeliverylist
769,4418039,0666,1,1,1,0,1,1,1,1,hldeliverylist
770,4418041,0666,1,1,1,0,1,1,1,1,hldeliverylist
771,4418042,0666,1,1,1,0,1,1,1,1,hldeliverylist
772,4418043,0666,1,1,1,0,1,1,1,1,hldeliverylist
773,4418044,0666,1,1,1,0,1,1,1,1,hldeliverylist
774,4418045,0666,1,1,1,0,1,1,1,1,hldeliverylist
775,4418046,0666,1,1,1,0,1,1,1,1,hldeliverylist
776,4418047,0666,1,1,1,0,1,1,1,1,hldeliverylist
777,4418048,0666,1,1,1,0,1,1,1,1,hldeliverylist
778,4418051,0666,1,1,1,0,1,1,1,1,hldeliverylist
779,4418052,0666,1,1,1,0,1,1,1,1,hldeliverylist
780,4418053,0666,1,1,1,0,1,1,1,1,hldeliverylist
781,4418054,0666,1,1,1,0,1,1,1,1,hldeliverylist
782,4418055,0666,1,1,1,0,1,1,1,1,hldeliverylist
783,4418056,0666,1,1,1,0,1,1,1,1,hldeliverylist
784,4418057,0666,1,1,1,0,1,1,1,1,hldeliverylist
785,4418058,0666,1,1,1,0,1,1,1,1,hldeliverylist
786,4418059,0666,1,1,1,0,1,1,1,1,hldeliverylist
787,4418061,0666,1,1,1,0,1,1,1,1,hldeliverylist
788,4418062,0666,1,1,1,0,1,1,1,1,hldeliverylist
789,4418063,0666,1,1,1,0,1,1,1,1,hldeliverylist
790,4418064,0666,1,1,1,0,1,1,1,1,hldeliverylist
791,4418065,0666,1,1,1,0,1,1,1,1,hldeliverylist
792,4418066,0666,1,1,1,0,1,1,1,1,hldeliverylist
793,4418067,0666,1,1,1,0,1,1,1,1,hldeliverylist
794,4418068,0666,1,1,1,0,1,1,1,1,hldeliverylist
795,4418069,0666,1,1,1,0,1,1,1,1,hldeliverylist
796,4418071,0666,1,1,1,0,1,1,1,1,hldeliverylist
797,4418072,0666,1,1,1,0,1,1,1,1,hldeliverylist
798,4418073,0666,1,1,1,0,1,1,1,1,hldeliverylist
799,4418074,0666,1,1,1,0,1,1,1,1,hldeliverylist
800,4418075,0666,1,1,1,0,1,1,1,1,hldeliverylist
801,4418076,0666,1,1,1,0,1,1,1,1,hldeliverylist
802,4418077,0666,1,1,1,0,1,1,1,1,hldeliverylist
803,4418081,0666,1,1,1,0,1,1,1,1,hldeliverylist
804,4418082,0666,1,1,1,0,1,1,1,1,hldeliverylist
805,4418083,0666,1,1,1,0,1,1,1,1,hldeliverylist
806,4418084,0666,1,1,1,0,1,1,1,1,hldeliverylist
807,4418085,0666,1,1,1,0,1,1,1,1,hldeliverylist
808,4418086,0666,1,1,1,0,1,1,1,1,hldeliverylist
809,4418087,0666,1,1,1,0,1,1,1,1,hldeliverylist
810,4418088,0666,1,1,1,0,1,1,1,1,hldeliverylist
811,4418089,0666,1,1,1,0,1,1,1,1,hldeliverylist
812,4418090,0666,1,1,1,0,1,1,1,1,hldeliverylist
813,4418091,0666,1,1,1,0,1,1,1,1,hldeliverylist
814,4418092,0666,1,1,1,0,1,1,1,1,hldeliverylist
815,4418093,0666,1,1,1,0,1,1,1,1,hldeliverylist
816,4418101,0666,1,1,1,0,1,1,1,1,hldeliverylist
817,4418102,0666,1,1,1,0,1,1,1,1,hldeliverylist
818,4418103,0666,1,1,1,0,1,1,1,1,hldeliverylist
819,4418104,0666,1,1,1,0,1,1,1,1,hldeliverylist
820,4418105,0666,1,1,1,0,1,1,1,1,hldeliverylist
821,4418106,0666,1,1,1,0,1,1,1,1,hldeliverylist
822,4418107,0666,1,1,1,0,1,1,1,1,hldeliverylist
823,4418108,0666,1,1,1,0,1,1,1,1,hldeliverylist
824,4418109,0666,1,1,1,0,1,1,1,1,hldeliverylist
825,4418111,0666,1,1,1,0,1,1,1,1,hldeliverylist
826,4418112,0666,1,1,1,0,1,1,1,1,hldeliverylist
827,4418113,0666,1,1,1,0,1,1,1,1,hldeliverylist
828,4418114,0666,1,1,1,0,1,1,1,1,hldeliverylist
829,4418115,0666,1,1,1,0,1,1,1,1,hldeliverylist
830,4418116,0666,1,1,1,0,1,1,1,1,hldeliverylist
831,4418117,0666,1,1,1,0,1,1,1,1,hldeliverylist
832,4418121,0666,1,1,1,0,1,1,1,1,hldeliverylist
833,4418122,0666,1,1,1,0,1,1,1,1,hldeliverylist
834,4418123,0666,1,1,1,0,1,1,1,1,hldeliverylist
835,4418124,0666,1,1,1,0,1,1,1,1,hldeliverylist
836,4418125,0666,1,1,1,0,1,1,1,1,hldeliverylist
837,4418131,0666,1,1,1,0,1,1,1,1,hldeliverylist
838,4418132,0666,1,1,1,0,1,1,1,1,hldeliverylist
839,4418133,0666,1,1,1,0,1,1,1,1,hldeliverylist
840,4418134,0666,1,1,1,0,1,1,1,1,hldeliverylist
841,4418135,0666,1,1,1,0,1,1,1,1,hldeliverylist
842,4418141,0666,1,1,1,0,1,1,1,1,hldeliverylist
843,4418142,0666,1,1,1,0,1,1,1,1,hldeliverylist
844,4418143,0666,1,1,1,0,1,1,1,1,hldeliverylist
845,4418144,0666,1,1,1,0,1,1,1,1,hldeliverylist
846,4418145,0666,1,1,1,0,1,1,1,1,hldeliverylist
847,4418146,0666,1,1,1,0,1,1,1,1,hldeliverylist
848,4418147,0666,1,1,1,0,1,1,1,1,hldeliverylist
849,4418148,0666,1,1,1,0,1,1,1,1,hldeliverylist
850,4418149,0666,1,1,1,0,1,1,1,1,hldeliverylist
851,4418151,0666,1,1,1,0,1,1,1,1,hldeliverylist
852,4418152,0666,1,1,1,0,1,1,1,1,hldeliverylist
853,4418153,0666,1,1,1,0,1,1,1,1,hldeliverylist
854,4418154,0666,1,1,1,0,1,1,1,1,hldeliverylist
855,4418155,0666,1,1,1,0,1,1,1,1,hldeliverylist
856,4418156,0666,1,1,1,0,1,1,1,1,hldeliverylist
857,4418156,0666,1,1,1,0,1,1,1,1,hldeliverylist
858,4418156,0666,1,1,1,0,1,1,1,1,hldeliverylist
859,4418156,0666,1,1,1,0,1,1,1,1,hldeliverylist
860,4418157,0666,1,1,1,0,1,1,1,1,hldeliverylist
861,4420000,0666,1,1,1,0,1,1,1,1,hldeliverylist
862,4420001,0666,1,1,1,0,1,1,1,1,hldeliverylist
863,4420002,0666,1,1,1,0,1,1,1,1,hldeliverylist
864,4420003,0666,1,1,1,0,1,1,1,1,hldeliverylist
865,4420004,0666,1,1,1,0,1,1,1,1,hldeliverylist
866,4420005,0666,1,1,1,0,1,1,1,1,hldeliverylist
867,4420006,0666,1,1,1,0,1,1,1,1,hldeliverylist
868,4420007,0666,1,1,1,0,1,1,1,1,hldeliverylist
869,4420008,0666,1,1,1,0,1,1,1,1,hldeliverylist
870,4420011,0666,1,1,1,0,1,1,1,1,hldeliverylist
871,4420012,0666,1,1,1,0,1,1,1,1,hldeliverylist
872,4420013,0666,1,1,1,0,1,1,1,1,hldeliverylist
873,4420014,0666,1,1,1,0,1,1,1,1,hldeliverylist
874,4420015,0666,1,1,1,0,1,1,1,1,hldeliverylist
875,4420016,0666,1,1,1,0,1,1,1,1,hldeliverylist
876,4420017,0666,1,1,1,0,1,1,1,1,hldeliverylist
877,4420018,0666,1,1,1,0,1,1,1,1,hldeliverylist
878,4420019,0666,1,1,1,0,1,1,1,1,hldeliverylist
879,4420021,0666,1,1,1,0,1,1,1,1,hldeliverylist
880,4420022,0666,1,1,1,0,1,1,1,1,hldeliverylist
881,4420023,0666,1,1,1,0,1,1,1,1,hldeliverylist
882,4420024,0666,1,1,1,0,1,1,1,1,hldeliverylist
883,4420025,0666,1,1,1,0,1,1,1,1,hldeliverylist
884,4420026,0666,1,1,1,0,1,1,1,1,hldeliverylist
885,4420027,0666,1,1,1,0,1,1,1,1,hldeliverylist
886,4420028,0666,1,1,1,0,1,1,1,1,hldeliverylist
887,4420029,0666,1,1,1,0,1,1,1,1,hldeliverylist
888,4420031,0666,1,1,1,0,1,1,1,1,hldeliverylist
889,4420032,0666,1,1,1,0,1,1,1,1,hldeliverylist
890,4420033,0666,1,1,1,0,1,1,1,1,hldeliverylist
891,4420034,0666,1,1,1,0,1,1,1,1,hldeliverylist
892,4420035,0666,1,1,1,0,1,1,1,1,hldeliverylist
893,4420036,0666,1,1,1,0,1,1,1,1,hldeliverylist
894,4420037,0666,1,1,1,0,1,1,1,1,hldeliverylist
895,4420038,0666,1,1,1,0,1,1,1,1,hldeliverylist
896,4420039,0666,1,1,1,0,1,1,1,1,hldeliverylist
897,4420041,0666,1,1,1,0,1,1,1,1,hldeliverylist
898,4420042,0666,1,1,1,0,1,1,1,1,hldeliverylist
899,4420043,0666,1,1,1,0,1,1,1,1,hldeliverylist
900,4420044,0666,1,1,1,0,1,1,1,1,hldeliverylist
901,4420045,0666,1,1,1,0,1,1,1,1,hldeliverylist
902,4420046,0666,1,1,1,0,1,1,1,1,hldeliverylist
903,4420047,0666,1,1,1,0,1,1,1,1,hldeliverylist
904,4420048,0666,1,1,1,0,1,1,1,1,hldeliverylist
905,4420049,0666,1,1,1,0,1,1,1,1,hldeliverylist
906,4420051,0666,1,1,1,0,1,1,1,1,hldeliverylist
907,4420052,0666,1,1,1,0,1,1,1,1,hldeliverylist
908,4420053,0666,1,1,1,0,1,1,1,1,hldeliverylist
909,4420054,0666,1,1,1,0,1,1,1,1,hldeliverylist
910,4420055,0666,1,1,1,0,1,1,1,1,hldeliverylist
911,4420061,0666,1,1,1,0,1,1,1,1,hldeliverylist
912,4420062,0666,1,1,1,0,1,1,1,1,hldeliverylist
913,4420063,0666,1,1,1,0,1,1,1,1,hldeliverylist
914,4420064,0666,1,1,1,0,1,1,1,1,hldeliverylist
915,4420065,0666,1,1,1,0,1,1,1,1,hldeliverylist
916,4420066,0666,1,1,1,0,1,1,1,1,hldeliverylist
917,4420067,0666,1,1,1,0,1,1,1,1,hldeliverylist
918,4420068,0666,1,1,1,0,1,1,1,1,hldeliverylist
919,4420069,0666,1,1,1,0,1,1,1,1,hldeliverylist
920,4420801,0666,1,1,1,0,1,1,1,1,hldeliverylist
921,4420802,0666,1,1,1,0,1,1,1,1,hldeliverylist
922,4420803,0666,1,1,1,0,1,1,1,1,hldeliverylist
923,4420804,0666,1,1,1,0,1,1,1,1,hldeliverylist
924,4420805,0666,1,1,1,0,1,1,1,1,hldeliverylist
925,4420806,0666,1,1,1,0,1,1,1,1,hldeliverylist
926,4420807,0666,1,1,1,0,1,1,1,1,hldeliverylist
927,4420808,0666,1,1,1,0,1,1,1,1,hldeliverylist
928,4420809,0666,1,1,1,0,1,1,1,1,hldeliverylist
929,4420811,0666,1,1,1,0,1,1,1,1,hldeliverylist
930,4420812,0666,1,1,1,0,1,1,1,1,hldeliverylist
931,4420813,0666,1,1,1,0,1,1,1,1,hldeliverylist
932,4420814,0666,1,1,1,0,1,1,1,1,hldeliverylist
933,4420815,0666,1,1,1,0,1,1,1,1,hldeliverylist
934,4420816,0666,1,1,1,0,1,1,1,1,hldeliverylist
935,4420817,0666,1,1,1,0,1,1,1,1,hldeliverylist
936,4420818,0666,1,1,1,0,1,1,1,1,hldeliverylist
937,4420819,0666,1,1,1,0,1,1,1,1,hldeliverylist
938,4420821,0666,1,1,1,0,1,1,1,1,hldeliverylist
939,4420822,0666,1,1,1,0,1,1,1,1,hldeliverylist
940,4420823,0666,1,1,1,0,1,1,1,1,hldeliverylist
941,4420824,0666,1,1,1,0,1,1,1,1,hldeliverylist
942,4420825,0666,1,1,1,0,1,1,1,1,hldeliverylist
943,4420826,0666,1,1,1,0,1,1,1,1,hldeliverylist
944,4420827,0666,1,1,1,0,1,1,1,1,hldeliverylist
945,4420828,0666,1,1,1,0,1,1,1,1,hldeliverylist
946,4420831,0666,1,1,1,0,1,1,1,1,hldeliverylist
947,4420832,0666,1,1,1,0,1,1,1,1,hldeliverylist
948,4420833,0666,1,1,1,0,1,1,1,1,hldeliverylist
949,4420834,0666,1,1,1,0,1,1,1,1,hldeliverylist
950,4420835,0666,1,1,1,0,1,1,1,1,hldeliverylist
951,4420836,0666,1,1,1,0,1,1,1,1,hldeliverylist
952,4420837,0666,1,1,1,0,1,1,1,1,hldeliverylist
953,4420838,0666,1,1,1,0,1,1,1,1,hldeliverylist
954,4420839,0666,1,1,1,0,1,1,1,1,hldeliverylist
955,4420841,0666,1,1,1,0,1,1,1,1,hldeliverylist
956,4420842,0666,1,1,1,0,1,1,1,1,hldeliverylist
957,4420843,0666,1,1,1,0,1,1,1,1,hldeliverylist
958,4420844,0666,1,1,1,0,1,1,1,1,hldeliverylist
959,4420845,0666,1,1,1,0,1,1,1,1,hldeliverylist
960,4420846,0666,1,1,1,0,1,1,1,1,hldeliverylist
961,4420847,0666,1,1,1,0,1,1,1,1,hldeliverylist
962,4420848,0666,1,1,1,0,1,1,1,1,hldeliverylist
963,4420851,0666,1,1,1,0,1,1,1,1,hldeliverylist
964,4420852,0666,1,1,1,0,1,1,1,1,hldeliverylist
965,4420853,0666,1,1,1,0,1,1,1,1,hldeliverylist
966,4420854,0666,1,1,1,0,1,1,1,1,hldeliverylist
967,4420855,0666,1,1,1,0,1,1,1,1,hldeliverylist
968,4420856,0666,1,1,1,0,1,1,1,1,hldeliverylist
969,4420857,0666,1,1,1,0,1,1,1,1,hldeliverylist
970,4420861,0666,1,1,1,0,1,1,1,1,hldeliverylist
971,4420862,0666,1,1,1,0,1,1,1,1,hldeliverylist
972,4420863,0666,1,1,1,0,1,1,1,1,hldeliverylist
973,4420871,0666,1,1,1,0,1,1,1,1,hldeliverylist
974,4420872,0666,1,1,1,0,1,1,1,1,hldeliverylist
975,4420873,0666,1,1,1,0,1,1,1,1,hldeliverylist
976,4420874,0666,1,1,1,0,1,1,1,1,hldeliverylist
977,4420875,0666,1,1,1,0,1,1,1,1,hldeliverylist
978,4420876,0666,1,1,1,0,1,1,1,1,hldeliverylist
979,4420877,0666,1,1,1,0,1,1,1,1,hldeliverylist
980,4420878,0666,1,1,1,0,1,1,1,1,hldeliverylist
981,4420879,0666,1,1,1,0,1,1,1,1,hldeliverylist
982,4420881,0666,1,1,1,0,1,1,1,1,hldeliverylist
983,4420882,0666,1,1,1,0,1,1,1,1,hldeliverylist
984,4420883,0666,1,1,1,0,1,1,1,1,hldeliverylist
985,4420884,0666,1,1,1,0,1,1,1,1,hldeliverylist
986,4420885,0666,1,1,1,0,1,1,1,1,hldeliverylist
987,4420886,0666,1,1,1,0,1,1,1,1,hldeliverylist
988,4420887,0666,1,1,1,0,1,1,1,1,hldeliverylist
989,4420888,0666,1,1,1,0,1,1,1,1,hldeliverylist
990,4420889,0666,1,1,1,0,1,1,1,1,hldeliverylist
991,4430000,0666,1,1,0,0,1,1,1,1,hldeliverylist
992,4430001,0666,1,1,0,0,1,1,1,1,hldeliverylist
993,4430002,0666,1,1,0,0,1,1,1,1,hldeliverylist
994,4430003,0666,1,1,0,0,1,1,1,1,hldeliverylist
995,4430004,0666,1,1,0,0,1,1,1,1,hldeliverylist
996,4430005,0666,1,1,0,0,1,1,1,1,hldeliverylist
997,4430006,0666,1,1,0,0,1,1,1,1,hldeliverylist
998,4430007,0666,1,1,0,0,1,1,1,1,hldeliverylist
999,4430008,0666,1,1,0,0,1,1,1,1,hldeliverylist
1000,4430011,0666,1,1,0,0,1,1,1,1,hldeliverylist
1001,4430012,0666,1,1,0,0,1,1,1,1,hldeliverylist
1002,4430013,0666,1,1,0,0,1,1,1,1,hldeliverylist
1003,4430014,0666,1,1,0,0,1,1,1,1,hldeliverylist
1004,4430021,0666,1,1,0,0,1,1,1,1,hldeliverylist
1005,4430022,0666,1,1,0,0,1,1,1,1,hldeliverylist
1006,4430031,0666,1,1,0,0,1,1,1,1,hldeliverylist
1007,4430032,0666,1,1,0,0,1,1,1,1,hldeliverylist
1008,4430033,0666,1,1,0,0,1,1,1,1,hldeliverylist
1009,4430034,0666,1,1,0,0,1,1,1,1,hldeliverylist
1010,4430035,0666,1,1,0,0,1,1,1,1,hldeliverylist
1011,4430036,0666,1,1,0,0,1,1,1,1,hldeliverylist
1012,4430037,0666,1,1,0,0,1,1,1,1,hldeliverylist
1013,4430038,0666,1,1,0,0,1,1,1,1,hldeliverylist
1014,4430041,0666,1,1,0,0,1,1,1,1,hldeliverylist
1015,4430042,0666,1,1,0,0,1,1,1,1,hldeliverylist
1016,4430043,0666,1,1,0,0,1,1,1,1,hldeliverylist
1017,4430044,0666,1,1,0,0,1,1,1,1,hldeliverylist
1018,4430045,0666,1,1,0,0,1,1,1,1,hldeliverylist
1019,4430046,0666,1,1,0,0,1,1,1,1,hldeliverylist
1020,4430047,0666,1,1,0,0,1,1,1,1,hldeliverylist
1021,4430048,0666,1,1,0,0,1,1,1,1,hldeliverylist
1022,4430051,0666,1,1,0,0,1,1,1,1,hldeliverylist
1023,4430052,0666,1,1,0,0,1,1,1,1,hldeliverylist
1024,4430053,0666,1,1,0,0,1,1,1,1,hldeliverylist
1025,4430054,0666,1,1,0,0,1,1,1,1,hldeliverylist
1026,4430055,0666,1,1,0,0,1,1,1,1,hldeliverylist
1027,4430056,0666,1,1,0,0,1,1,1,1,hldeliverylist
1028,4430057,0666,1,1,0,0,1,1,1,1,hldeliverylist
1029,4430058,0666,1,1,0,0,1,1,1,1,hldeliverylist
1030,4430059,0666,1,1,0,0,1,1,1,1,hldeliverylist
1031,4430101,0666,1,1,0,0,1,1,1,1,hldeliverylist
1032,4430102,0666,1,1,0,0,1,1,1,1,hldeliverylist
1033,4430103,0666,1,1,0,0,1,1,1,1,hldeliverylist
1034,4430104,0666,1,1,0,0,1,1,1,1,hldeliverylist
1035,4430105,0666,1,1,0,0,1,1,1,1,hldeliverylist
1036,4430106,0666,1,1,0,0,1,1,1,1,hldeliverylist
1037,4440000,0689,1,1,1,0,1,1,1,1,hldeliverylist
1038,4440001,0689,1,1,1,0,1,1,1,1,hldeliverylist
1039,4440002,0689,1,1,1,0,1,1,1,1,hldeliverylist
