id,dc_code,start_day,end_day,hl_day,discriminator_type
1,1,2016-09-10,2016-09-16,2016-09-07,hlexpectedday
2,1,2016-09-17,2016-09-23,2016-09-14,hlexpectedday
3,1,2016-09-24,2016-09-30,2016-09-21,hlexpectedday
4,1,2016-10-01,2016-10-07,2016-09-28,hlexpectedday
5,1,2016-10-08,2016-10-14,2016-10-05,hlexpectedday
6,1,2016-10-15,2016-10-21,2016-10-12,hlexpectedday
7,1,2016-10-22,2016-10-28,2016-10-19,hlexpectedday
8,1,2016-10-29,2016-11-04,2016-10-26,hlexpectedday
9,1,2016-11-05,2016-11-11,2016-11-02,hlexpectedday
10,1,2016-11-12,2016-11-18,2016-11-09,hlexpectedday
11,1,2016-11-19,2016-11-25,2016-11-16,hlexpectedday
12,1,2016-11-26,2016-12-02,2016-11-23,hlexpectedday
13,1,2016-12-03,2016-12-09,2016-11-30,hlexpectedday
14,1,2016-12-10,2016-12-16,2016-12-07,hlexpectedday
15,1,2016-12-17,2016-12-23,2016-12-14,hlexpectedday
16,1,2016-12-24,2016-12-30,2016-12-21,hlexpectedday
17,1,2016-12-31,2017-01-06,2016-12-28,hlexpectedday
18,1,2017-01-07,2017-01-13,2017-01-04,hlexpectedday
19,1,2017-01-14,2017-01-20,2017-01-11,hlexpectedday
20,1,2017-01-21,2017-01-27,2017-01-18,hlexpectedday
21,1,2017-01-28,2017-02-03,2017-01-25,hlexpectedday
22,1,2017-02-04,2017-02-10,2017-02-01,hlexpectedday
23,1,2017-02-11,2017-02-17,2017-02-08,hlexpectedday
24,1,2017-02-18,2017-02-24,2017-02-15,hlexpectedday
25,1,2017-02-25,2017-03-03,2017-02-22,hlexpectedday
26,1,2017-03-04,2017-03-10,2017-03-01,hlexpectedday
27,1,2017-03-11,2017-03-17,2017-03-08,hlexpectedday
28,1,2017-03-18,2017-03-24,2017-03-15,hlexpectedday
29,1,2017-03-25,2017-03-31,2017-03-22,hlexpectedday
30,1,2017-04-01,2017-04-07,2017-03-29,hlexpectedday
31,1,2017-04-08,2017-04-14,2017-04-05,hlexpectedday
32,1,2017-04-15,2017-04-21,2017-04-12,hlexpectedday
33,1,2017-04-22,2017-04-28,2017-04-19,hlexpectedday
34,1,2017-04-29,2017-05-05,2017-04-26,hlexpectedday
35,1,2017-05-06,2017-05-12,2017-05-03,hlexpectedday
36,1,2017-05-13,2017-05-19,2017-05-10,hlexpectedday
37,1,2017-05-20,2017-05-26,2017-05-17,hlexpectedday
38,1,2017-05-27,2017-06-02,2017-05-24,hlexpectedday
39,1,2017-06-03,2017-06-09,2017-05-31,hlexpectedday
40,1,2017-06-10,2017-06-16,2017-06-07,hlexpectedday
41,1,2017-06-17,2017-06-23,2017-06-14,hlexpectedday
42,1,2017-06-24,2017-06-30,2017-06-21,hlexpectedday
43,1,2017-07-01,2017-07-07,2017-06-28,hlexpectedday
44,1,2017-07-08,2017-07-14,2017-07-05,hlexpectedday
45,1,2017-07-15,2017-07-21,2017-07-12,hlexpectedday
46,1,2017-07-22,2017-07-28,2017-07-19,hlexpectedday
47,1,2017-07-29,2017-08-04,2017-07-26,hlexpectedday
48,1,2017-08-05,2017-08-11,2017-08-02,hlexpectedday
49,1,2017-08-12,2017-08-18,2017-08-09,hlexpectedday
50,1,2017-08-19,2017-08-25,2017-08-16,hlexpectedday
51,1,2017-08-26,2017-09-01,2017-08-23,hlexpectedday
52,1,2017-09-02,2017-09-08,2017-08-30,hlexpectedday
53,1,2017-09-09,2017-09-15,2017-09-06,hlexpectedday
54,1,2017-09-16,2017-09-22,2017-09-13,hlexpectedday
55,1,2017-09-23,2017-09-29,2017-09-20,hlexpectedday
56,1,2017-09-30,2017-10-06,2017-09-27,hlexpectedday
57,1,2017-10-07,2017-10-13,2017-10-04,hlexpectedday
58,1,2017-10-14,2017-10-20,2017-10-11,hlexpectedday
59,1,2017-10-21,2017-10-27,2017-10-18,hlexpectedday
60,1,2017-10-28,2017-11-03,2017-10-25,hlexpectedday
61,1,2017-11-04,2017-11-10,2017-11-01,hlexpectedday
62,1,2017-11-11,2017-11-17,2017-11-08,hlexpectedday
63,1,2017-11-18,2017-11-24,2017-11-15,hlexpectedday
64,1,2017-11-25,2017-12-01,2017-11-22,hlexpectedday
65,1,2017-12-02,2017-12-08,2017-11-29,hlexpectedday
66,1,2017-12-09,2017-12-15,2017-12-06,hlexpectedday
67,1,2017-12-16,2017-12-22,2017-12-13,hlexpectedday
68,1,2017-12-23,2017-12-29,2017-12-20,hlexpectedday
69,1,2017-12-30,2018-01-05,2017-12-27,hlexpectedday
70,1,2018-01-06,2018-01-12,2018-01-03,hlexpectedday
71,1,2018-01-13,2018-01-19,2018-01-10,hlexpectedday
72,1,2018-01-20,2018-01-26,2018-01-17,hlexpectedday
73,1,2018-01-27,2018-02-02,2018-01-24,hlexpectedday
74,1,2018-02-03,2018-02-09,2018-01-31,hlexpectedday
75,1,2018-02-10,2018-02-16,2018-02-07,hlexpectedday
76,1,2018-02-17,2018-02-23,2018-02-14,hlexpectedday
77,1,2018-02-24,2018-03-02,2018-02-21,hlexpectedday
78,1,2018-03-03,2018-03-09,2018-02-28,hlexpectedday
79,1,2018-03-10,2018-03-16,2018-03-07,hlexpectedday
80,1,2018-03-17,2018-03-23,2018-03-14,hlexpectedday
81,1,2018-03-24,2018-03-30,2018-03-21,hlexpectedday
82,1,2018-03-31,2018-04-06,2018-03-28,hlexpectedday
83,2,2016-09-12,2016-09-18,2016-09-07,hlexpectedday
84,2,2016-09-19,2016-09-25,2016-09-14,hlexpectedday
85,2,2016-09-26,2016-10-02,2016-09-21,hlexpectedday
86,2,2016-10-03,2016-10-09,2016-09-28,hlexpectedday
87,2,2016-10-10,2016-10-16,2016-10-05,hlexpectedday
88,2,2016-10-17,2016-10-23,2016-10-12,hlexpectedday
89,2,2016-10-24,2016-10-30,2016-10-19,hlexpectedday
90,2,2016-10-31,2016-11-06,2016-10-26,hlexpectedday
91,2,2016-11-07,2016-11-13,2016-11-02,hlexpectedday
92,2,2016-11-14,2016-11-20,2016-11-09,hlexpectedday
93,2,2016-11-21,2016-11-27,2016-11-16,hlexpectedday
94,2,2016-11-28,2016-12-04,2016-11-23,hlexpectedday
95,2,2016-12-05,2016-12-11,2016-11-30,hlexpectedday
96,2,2016-12-12,2016-12-18,2016-12-07,hlexpectedday
97,2,2016-12-19,2016-12-25,2016-12-14,hlexpectedday
98,2,2016-12-26,2017-01-01,2016-12-21,hlexpectedday
99,2,2017-01-02,2017-01-08,2016-12-28,hlexpectedday
100,2,2017-01-09,2017-01-15,2017-01-04,hlexpectedday
101,2,2017-01-16,2017-01-22,2017-01-11,hlexpectedday
102,2,2017-01-23,2017-01-29,2017-01-18,hlexpectedday
103,2,2017-01-30,2017-02-05,2017-01-25,hlexpectedday
104,2,2017-02-06,2017-02-12,2017-02-01,hlexpectedday
105,2,2017-02-13,2017-02-19,2017-02-08,hlexpectedday
106,2,2017-02-20,2017-02-26,2017-02-15,hlexpectedday
107,2,2017-02-27,2017-03-05,2017-02-22,hlexpectedday
108,2,2017-03-06,2017-03-12,2017-03-01,hlexpectedday
109,2,2017-03-13,2017-03-19,2017-03-08,hlexpectedday
110,2,2017-03-20,2017-03-26,2017-03-15,hlexpectedday
111,2,2017-03-27,2017-04-02,2017-03-22,hlexpectedday
112,2,2017-04-03,2017-04-09,2017-03-29,hlexpectedday
113,2,2017-04-10,2017-04-16,2017-04-05,hlexpectedday
114,2,2017-04-17,2017-04-23,2017-04-12,hlexpectedday
115,2,2017-04-24,2017-04-30,2017-04-19,hlexpectedday
116,2,2017-05-01,2017-05-07,2017-04-26,hlexpectedday
117,2,2017-05-08,2017-05-14,2017-05-03,hlexpectedday
118,2,2017-05-15,2017-05-21,2017-05-10,hlexpectedday
119,2,2017-05-22,2017-05-28,2017-05-17,hlexpectedday
120,2,2017-05-29,2017-06-04,2017-05-24,hlexpectedday
121,2,2017-06-05,2017-06-11,2017-05-31,hlexpectedday
122,2,2017-06-12,2017-06-18,2017-06-07,hlexpectedday
123,2,2017-06-19,2017-06-25,2017-06-14,hlexpectedday
124,2,2017-06-26,2017-07-02,2017-06-21,hlexpectedday
125,2,2017-07-03,2017-07-09,2017-06-28,hlexpectedday
126,2,2017-07-10,2017-07-16,2017-07-05,hlexpectedday
127,2,2017-07-17,2017-07-23,2017-07-12,hlexpectedday
128,2,2017-07-24,2017-07-30,2017-07-19,hlexpectedday
129,2,2017-07-31,2017-08-06,2017-07-26,hlexpectedday
130,2,2017-08-07,2017-08-13,2017-08-02,hlexpectedday
131,2,2017-08-14,2017-08-20,2017-08-09,hlexpectedday
132,2,2017-08-21,2017-08-27,2017-08-16,hlexpectedday
133,2,2017-08-28,2017-09-03,2017-08-23,hlexpectedday
134,2,2017-09-04,2017-09-10,2017-08-30,hlexpectedday
135,2,2017-09-11,2017-09-17,2017-09-06,hlexpectedday
136,2,2017-09-18,2017-09-24,2017-09-13,hlexpectedday
137,2,2017-09-25,2017-10-01,2017-09-20,hlexpectedday
138,2,2017-10-02,2017-10-08,2017-09-27,hlexpectedday
139,2,2017-10-09,2017-10-15,2017-10-04,hlexpectedday
140,2,2017-10-16,2017-10-22,2017-10-11,hlexpectedday
141,2,2017-10-23,2017-10-29,2017-10-18,hlexpectedday
142,2,2017-10-30,2017-11-05,2017-10-25,hlexpectedday
143,2,2017-11-06,2017-11-12,2017-11-01,hlexpectedday
144,2,2017-11-13,2017-11-19,2017-11-08,hlexpectedday
145,2,2017-11-20,2017-11-26,2017-11-15,hlexpectedday
146,2,2017-11-27,2017-12-03,2017-11-22,hlexpectedday
147,2,2017-12-04,2017-12-10,2017-11-29,hlexpectedday
148,2,2017-12-11,2017-12-17,2017-12-06,hlexpectedday
149,2,2017-12-18,2017-12-24,2017-12-13,hlexpectedday
150,2,2017-12-25,2017-12-31,2017-12-20,hlexpectedday
151,2,2018-01-01,2018-01-07,2017-12-27,hlexpectedday
152,2,2018-01-08,2018-01-14,2018-01-03,hlexpectedday
153,2,2018-01-15,2018-01-21,2018-01-10,hlexpectedday
154,2,2018-01-22,2018-01-28,2018-01-17,hlexpectedday
155,2,2018-01-29,2018-02-04,2018-01-24,hlexpectedday
156,2,2018-02-05,2018-02-11,2018-01-31,hlexpectedday
157,2,2018-02-12,2018-02-18,2018-02-07,hlexpectedday
158,2,2018-02-19,2018-02-25,2018-02-14,hlexpectedday
159,2,2018-02-26,2018-03-04,2018-02-21,hlexpectedday
160,2,2018-03-05,2018-03-11,2018-02-28,hlexpectedday
161,2,2018-03-12,2018-03-18,2018-03-07,hlexpectedday
162,2,2018-03-19,2018-03-25,2018-03-14,hlexpectedday
163,2,2018-03-26,2018-04-01,2018-03-21,hlexpectedday
164,2,2018-04-02,2018-04-08,2018-03-28,hlexpectedday
165,3,2016-09-12,2016-09-18,2016-09-07,hlexpectedday
166,3,2016-09-19,2016-09-25,2016-09-14,hlexpectedday
167,3,2016-09-26,2016-10-02,2016-09-21,hlexpectedday
168,3,2016-10-03,2016-10-09,2016-09-28,hlexpectedday
169,3,2016-10-10,2016-10-16,2016-10-05,hlexpectedday
170,3,2016-10-17,2016-10-23,2016-10-12,hlexpectedday
171,3,2016-10-24,2016-10-30,2016-10-19,hlexpectedday
172,3,2016-10-31,2016-11-06,2016-10-26,hlexpectedday
173,3,2016-11-07,2016-11-13,2016-11-02,hlexpectedday
174,3,2016-11-14,2016-11-20,2016-11-09,hlexpectedday
175,3,2016-11-21,2016-11-27,2016-11-16,hlexpectedday
176,3,2016-11-28,2016-12-04,2016-11-23,hlexpectedday
177,3,2016-12-05,2016-12-11,2016-11-30,hlexpectedday
178,3,2016-12-12,2016-12-18,2016-12-07,hlexpectedday
179,3,2016-12-19,2016-12-25,2016-12-14,hlexpectedday
180,3,2016-12-26,2017-01-01,2016-12-21,hlexpectedday
181,3,2017-01-02,2017-01-08,2016-12-28,hlexpectedday
182,3,2017-01-09,2017-01-15,2017-01-04,hlexpectedday
183,3,2017-01-16,2017-01-22,2017-01-11,hlexpectedday
184,3,2017-01-23,2017-01-29,2017-01-18,hlexpectedday
185,3,2017-01-30,2017-02-05,2017-01-25,hlexpectedday
186,3,2017-02-06,2017-02-12,2017-02-01,hlexpectedday
187,3,2017-02-13,2017-02-19,2017-02-08,hlexpectedday
188,3,2017-02-20,2017-02-26,2017-02-15,hlexpectedday
189,3,2017-02-27,2017-03-05,2017-02-22,hlexpectedday
190,3,2017-03-06,2017-03-12,2017-03-01,hlexpectedday
191,3,2017-03-13,2017-03-19,2017-03-08,hlexpectedday
192,3,2017-03-20,2017-03-26,2017-03-15,hlexpectedday
193,3,2017-03-27,2017-04-02,2017-03-22,hlexpectedday
194,3,2017-04-03,2017-04-09,2017-03-29,hlexpectedday
195,3,2017-04-10,2017-04-16,2017-04-05,hlexpectedday
196,3,2017-04-17,2017-04-23,2017-04-12,hlexpectedday
197,3,2017-04-24,2017-04-30,2017-04-19,hlexpectedday
198,3,2017-05-01,2017-05-07,2017-04-26,hlexpectedday
199,3,2017-05-08,2017-05-14,2017-05-03,hlexpectedday
200,3,2017-05-15,2017-05-21,2017-05-10,hlexpectedday
201,3,2017-05-22,2017-05-28,2017-05-17,hlexpectedday
202,3,2017-05-29,2017-06-04,2017-05-24,hlexpectedday
203,3,2017-06-05,2017-06-11,2017-05-31,hlexpectedday
204,3,2017-06-12,2017-06-18,2017-06-07,hlexpectedday
205,3,2017-06-19,2017-06-25,2017-06-14,hlexpectedday
206,3,2017-06-26,2017-07-02,2017-06-21,hlexpectedday
207,3,2017-07-03,2017-07-09,2017-06-28,hlexpectedday
208,3,2017-07-10,2017-07-16,2017-07-05,hlexpectedday
209,3,2017-07-17,2017-07-23,2017-07-12,hlexpectedday
210,3,2017-07-24,2017-07-30,2017-07-19,hlexpectedday
211,3,2017-07-31,2017-08-06,2017-07-26,hlexpectedday
212,3,2017-08-07,2017-08-13,2017-08-02,hlexpectedday
213,3,2017-08-14,2017-08-20,2017-08-09,hlexpectedday
214,3,2017-08-21,2017-08-27,2017-08-16,hlexpectedday
215,3,2017-08-28,2017-09-03,2017-08-23,hlexpectedday
216,3,2017-09-04,2017-09-10,2017-08-30,hlexpectedday
217,3,2017-09-11,2017-09-17,2017-09-06,hlexpectedday
218,3,2017-09-18,2017-09-24,2017-09-13,hlexpectedday
219,3,2017-09-25,2017-10-01,2017-09-20,hlexpectedday
220,3,2017-10-02,2017-10-08,2017-09-27,hlexpectedday
221,3,2017-10-09,2017-10-15,2017-10-04,hlexpectedday
222,3,2017-10-16,2017-10-22,2017-10-11,hlexpectedday
223,3,2017-10-23,2017-10-29,2017-10-18,hlexpectedday
224,3,2017-10-30,2017-11-05,2017-10-25,hlexpectedday
225,3,2017-11-06,2017-11-12,2017-11-01,hlexpectedday
226,3,2017-11-13,2017-11-19,2017-11-08,hlexpectedday
227,3,2017-11-20,2017-11-26,2017-11-15,hlexpectedday
228,3,2017-11-27,2017-12-03,2017-11-22,hlexpectedday
229,3,2017-12-04,2017-12-10,2017-11-29,hlexpectedday
230,3,2017-12-11,2017-12-17,2017-12-06,hlexpectedday
231,3,2017-12-18,2017-12-24,2017-12-13,hlexpectedday
232,3,2017-12-25,2017-12-31,2017-12-20,hlexpectedday
233,3,2018-01-01,2018-01-07,2017-12-27,hlexpectedday
234,3,2018-01-08,2018-01-14,2018-01-03,hlexpectedday
235,3,2018-01-15,2018-01-21,2018-01-10,hlexpectedday
236,3,2018-01-22,2018-01-28,2018-01-17,hlexpectedday
237,3,2018-01-29,2018-02-04,2018-01-24,hlexpectedday
238,3,2018-02-05,2018-02-11,2018-01-31,hlexpectedday
239,3,2018-02-12,2018-02-18,2018-02-07,hlexpectedday
240,3,2018-02-19,2018-02-25,2018-02-14,hlexpectedday
241,3,2018-02-26,2018-03-04,2018-02-21,hlexpectedday
242,3,2018-03-05,2018-03-11,2018-02-28,hlexpectedday
243,3,2018-03-12,2018-03-18,2018-03-07,hlexpectedday
244,3,2018-03-19,2018-03-25,2018-03-14,hlexpectedday
245,3,2018-03-26,2018-04-01,2018-03-21,hlexpectedday
246,3,2018-04-02,2018-04-08,2018-03-28,hlexpectedday
247,4,2016-09-11,2016-09-17,2016-09-07,hlexpectedday
248,4,2016-09-18,2016-09-24,2016-09-14,hlexpectedday
249,4,2016-09-25,2016-10-01,2016-09-21,hlexpectedday
250,4,2016-10-02,2016-10-08,2016-09-28,hlexpectedday
251,4,2016-10-09,2016-10-15,2016-10-05,hlexpectedday
252,4,2016-10-16,2016-10-22,2016-10-12,hlexpectedday
253,4,2016-10-23,2016-10-29,2016-10-19,hlexpectedday
254,4,2016-10-30,2016-11-05,2016-10-26,hlexpectedday
255,4,2016-11-06,2016-11-12,2016-11-02,hlexpectedday
256,4,2016-11-13,2016-11-19,2016-11-09,hlexpectedday
257,4,2016-11-20,2016-11-26,2016-11-16,hlexpectedday
258,4,2016-11-27,2016-12-03,2016-11-23,hlexpectedday
259,4,2016-12-04,2016-12-10,2016-11-30,hlexpectedday
260,4,2016-12-11,2016-12-17,2016-12-07,hlexpectedday
261,4,2016-12-18,2016-12-24,2016-12-14,hlexpectedday
262,4,2016-12-25,2016-12-31,2016-12-21,hlexpectedday
263,4,2017-01-01,2017-01-07,2016-12-28,hlexpectedday
264,4,2017-01-08,2017-01-14,2017-01-04,hlexpectedday
265,4,2017-01-15,2017-01-21,2017-01-11,hlexpectedday
266,4,2017-01-22,2017-01-28,2017-01-18,hlexpectedday
267,4,2017-01-29,2017-02-04,2017-01-25,hlexpectedday
268,4,2017-02-05,2017-02-11,2017-02-01,hlexpectedday
269,4,2017-02-12,2017-02-18,2017-02-08,hlexpectedday
270,4,2017-02-19,2017-02-25,2017-02-15,hlexpectedday
271,4,2017-02-26,2017-03-04,2017-02-22,hlexpectedday
272,4,2017-03-05,2017-03-11,2017-03-01,hlexpectedday
273,4,2017-03-12,2017-03-18,2017-03-08,hlexpectedday
274,4,2017-03-19,2017-03-25,2017-03-15,hlexpectedday
275,4,2017-03-26,2017-04-01,2017-03-22,hlexpectedday
276,4,2017-04-02,2017-04-08,2017-03-29,hlexpectedday
277,4,2017-04-09,2017-04-15,2017-04-05,hlexpectedday
278,4,2017-04-16,2017-04-22,2017-04-12,hlexpectedday
279,4,2017-04-23,2017-04-29,2017-04-19,hlexpectedday
280,4,2017-04-30,2017-05-06,2017-04-26,hlexpectedday
281,4,2017-05-07,2017-05-13,2017-05-03,hlexpectedday
282,4,2017-05-14,2017-05-20,2017-05-10,hlexpectedday
283,4,2017-05-21,2017-05-27,2017-05-17,hlexpectedday
284,4,2017-05-28,2017-06-03,2017-05-24,hlexpectedday
285,4,2017-06-04,2017-06-10,2017-05-31,hlexpectedday
286,4,2017-06-11,2017-06-17,2017-06-07,hlexpectedday
287,4,2017-06-18,2017-06-24,2017-06-14,hlexpectedday
288,4,2017-06-25,2017-07-01,2017-06-21,hlexpectedday
289,4,2017-07-02,2017-07-08,2017-06-28,hlexpectedday
290,4,2017-07-09,2017-07-15,2017-07-05,hlexpectedday
291,4,2017-07-16,2017-07-22,2017-07-12,hlexpectedday
292,4,2017-07-23,2017-07-29,2017-07-19,hlexpectedday
293,4,2017-07-30,2017-08-05,2017-07-26,hlexpectedday
294,4,2017-08-06,2017-08-12,2017-08-02,hlexpectedday
295,4,2017-08-13,2017-08-19,2017-08-09,hlexpectedday
296,4,2017-08-20,2017-08-26,2017-08-16,hlexpectedday
297,4,2017-08-27,2017-09-02,2017-08-23,hlexpectedday
298,4,2017-09-03,2017-09-09,2017-08-30,hlexpectedday
299,4,2017-09-10,2017-09-16,2017-09-06,hlexpectedday
300,4,2017-09-17,2017-09-23,2017-09-13,hlexpectedday
301,4,2017-09-24,2017-09-30,2017-09-20,hlexpectedday
302,4,2017-10-01,2017-10-07,2017-09-27,hlexpectedday
303,4,2017-10-08,2017-10-14,2017-10-04,hlexpectedday
304,4,2017-10-15,2017-10-21,2017-10-11,hlexpectedday
305,4,2017-10-22,2017-10-28,2017-10-18,hlexpectedday
306,4,2017-10-29,2017-11-04,2017-10-25,hlexpectedday
307,4,2017-11-05,2017-11-11,2017-11-01,hlexpectedday
308,4,2017-11-12,2017-11-18,2017-11-08,hlexpectedday
309,4,2017-11-19,2017-11-25,2017-11-15,hlexpectedday
310,4,2017-11-26,2017-12-02,2017-11-22,hlexpectedday
311,4,2017-12-03,2017-12-09,2017-11-29,hlexpectedday
312,4,2017-12-10,2017-12-16,2017-12-06,hlexpectedday
313,4,2017-12-17,2017-12-23,2017-12-13,hlexpectedday
314,4,2017-12-24,2017-12-30,2017-12-20,hlexpectedday
315,4,2017-12-31,2018-01-06,2017-12-27,hlexpectedday
316,4,2018-01-07,2018-01-13,2018-01-03,hlexpectedday
317,4,2018-01-14,2018-01-20,2018-01-10,hlexpectedday
318,4,2018-01-21,2018-01-27,2018-01-17,hlexpectedday
319,4,2018-01-28,2018-02-03,2018-01-24,hlexpectedday
320,4,2018-02-04,2018-02-10,2018-01-31,hlexpectedday
321,4,2018-02-11,2018-02-17,2018-02-07,hlexpectedday
322,4,2018-02-18,2018-02-24,2018-02-14,hlexpectedday
323,4,2018-02-25,2018-03-03,2018-02-21,hlexpectedday
324,4,2018-03-04,2018-03-10,2018-02-28,hlexpectedday
325,4,2018-03-11,2018-03-17,2018-03-07,hlexpectedday
326,4,2018-03-18,2018-03-24,2018-03-14,hlexpectedday
327,4,2018-03-25,2018-03-31,2018-03-21,hlexpectedday
328,4,2018-04-01,2018-04-07,2018-03-28,hlexpectedday
329,1,2018-04-07,2018-04-13,2018-04-04,hlexpectedday
330,1,2018-04-14,2018-04-20,2018-04-11,hlexpectedday
331,1,2018-04-21,2018-04-27,2018-04-18,hlexpectedday
332,1,2018-04-28,2018-05-04,2018-04-25,hlexpectedday
333,1,2018-05-05,2018-05-11,2018-05-02,hlexpectedday
334,1,2018-05-12,2018-05-18,2018-05-09,hlexpectedday
335,1,2018-05-19,2018-05-25,2018-05-16,hlexpectedday
336,1,2018-05-26,2018-06-01,2018-05-23,hlexpectedday
337,1,2018-06-02,2018-06-08,2018-05-30,hlexpectedday
338,1,2018-06-09,2018-06-15,2018-06-06,hlexpectedday
339,1,2018-06-16,2018-06-22,2018-06-13,hlexpectedday
340,1,2018-06-23,2018-06-29,2018-06-20,hlexpectedday
341,1,2018-06-30,2018-07-06,2018-06-27,hlexpectedday
342,1,2018-07-07,2018-07-13,2018-07-04,hlexpectedday
343,1,2018-07-14,2018-07-20,2018-07-11,hlexpectedday
344,1,2018-07-21,2018-07-27,2018-07-18,hlexpectedday
345,1,2018-07-28,2018-08-03,2018-07-25,hlexpectedday
346,1,2018-08-04,2018-08-10,2018-08-01,hlexpectedday
347,2,2018-04-09,2018-04-15,2018-04-04,hlexpectedday
348,2,2018-04-16,2018-04-22,2018-04-11,hlexpectedday
349,2,2018-04-23,2018-04-29,2018-04-18,hlexpectedday
350,2,2018-04-30,2018-05-06,2018-04-25,hlexpectedday
351,2,2018-05-07,2018-05-13,2018-05-02,hlexpectedday
352,2,2018-05-14,2018-05-20,2018-05-09,hlexpectedday
353,2,2018-05-21,2018-05-27,2018-05-16,hlexpectedday
354,2,2018-05-28,2018-06-03,2018-05-23,hlexpectedday
355,2,2018-06-04,2018-06-10,2018-05-30,hlexpectedday
356,2,2018-06-11,2018-06-17,2018-06-06,hlexpectedday
357,2,2018-06-18,2018-06-24,2018-06-13,hlexpectedday
358,2,2018-06-25,2018-07-01,2018-06-20,hlexpectedday
359,2,2018-07-02,2018-07-08,2018-06-27,hlexpectedday
360,2,2018-07-09,2018-07-15,2018-07-04,hlexpectedday
361,2,2018-07-16,2018-07-22,2018-07-11,hlexpectedday
362,2,2018-07-23,2018-07-29,2018-07-18,hlexpectedday
363,2,2018-07-30,2018-08-05,2018-07-25,hlexpectedday
364,2,2018-08-06,2018-08-12,2018-08-01,hlexpectedday
365,3,2018-04-09,2018-04-15,2018-04-04,hlexpectedday
366,3,2018-04-16,2018-04-22,2018-04-11,hlexpectedday
367,3,2018-04-23,2018-04-29,2018-04-18,hlexpectedday
368,3,2018-04-30,2018-05-06,2018-04-25,hlexpectedday
369,3,2018-05-07,2018-05-13,2018-05-02,hlexpectedday
370,3,2018-05-14,2018-05-20,2018-05-09,hlexpectedday
371,3,2018-05-21,2018-05-27,2018-05-16,hlexpectedday
372,3,2018-05-28,2018-06-03,2018-05-23,hlexpectedday
373,3,2018-06-04,2018-06-10,2018-05-30,hlexpectedday
374,3,2018-06-11,2018-06-17,2018-06-06,hlexpectedday
375,3,2018-06-18,2018-06-24,2018-06-13,hlexpectedday
376,3,2018-06-25,2018-07-01,2018-06-20,hlexpectedday
377,3,2018-07-02,2018-07-08,2018-06-27,hlexpectedday
378,3,2018-07-09,2018-07-15,2018-07-04,hlexpectedday
379,3,2018-07-16,2018-07-22,2018-07-11,hlexpectedday
380,3,2018-07-23,2018-07-29,2018-07-18,hlexpectedday
381,3,2018-07-30,2018-08-05,2018-07-25,hlexpectedday
382,3,2018-08-06,2018-08-12,2018-08-01,hlexpectedday
383,4,2018-04-08,2018-04-14,2018-04-04,hlexpectedday
384,4,2018-04-15,2018-04-21,2018-04-11,hlexpectedday
385,4,2018-04-22,2018-04-28,2018-04-18,hlexpectedday
386,4,2018-04-29,2018-05-05,2018-04-25,hlexpectedday
387,4,2018-05-06,2018-05-12,2018-05-02,hlexpectedday
388,4,2018-05-13,2018-05-19,2018-05-09,hlexpectedday
389,4,2018-05-20,2018-05-26,2018-05-16,hlexpectedday
390,4,2018-05-27,2018-06-02,2018-05-23,hlexpectedday
391,4,2018-06-03,2018-06-09,2018-05-30,hlexpectedday
392,4,2018-06-10,2018-06-16,2018-06-06,hlexpectedday
393,4,2018-06-17,2018-06-23,2018-06-13,hlexpectedday
394,4,2018-06-24,2018-06-30,2018-06-20,hlexpectedday
395,4,2018-07-01,2018-07-07,2018-06-27,hlexpectedday
396,4,2018-07-08,2018-07-14,2018-07-04,hlexpectedday
397,4,2018-07-15,2018-07-21,2018-07-11,hlexpectedday
398,4,2018-07-22,2018-07-28,2018-07-18,hlexpectedday
399,4,2018-07-29,2018-08-04,2018-07-25,hlexpectedday
400,4,2018-08-05,2018-08-11,2018-08-01,hlexpectedday
401,1,2018-08-11,2018-08-17,2018-08-08,hlexpectedday
402,1,2018-08-18,2018-08-24,2018-08-15,hlexpectedday
403,1,2018-08-25,2018-08-31,2018-08-22,hlexpectedday
404,1,2018-09-01,2018-09-07,2018-08-29,hlexpectedday
405,1,2018-09-08,2018-09-14,2018-09-05,hlexpectedday
406,1,2018-09-15,2018-09-21,2018-09-12,hlexpectedday
407,1,2018-09-22,2018-09-28,2018-09-19,hlexpectedday
408,1,2018-09-29,2018-10-05,2018-09-26,hlexpectedday
409,1,2018-10-06,2018-10-12,2018-10-03,hlexpectedday
410,1,2018-10-13,2018-10-19,2018-10-10,hlexpectedday
411,1,2018-10-20,2018-10-26,2018-10-17,hlexpectedday
412,1,2018-10-27,2018-11-02,2018-10-24,hlexpectedday
413,1,2018-11-03,2018-11-09,2018-10-31,hlexpectedday
414,1,2018-11-10,2018-11-16,2018-11-07,hlexpectedday
415,1,2018-11-17,2018-11-23,2018-11-14,hlexpectedday
416,1,2018-11-24,2018-11-30,2018-11-21,hlexpectedday
417,1,2018-12-01,2018-12-07,2018-11-28,hlexpectedday
418,1,2018-12-08,2018-12-14,2018-12-05,hlexpectedday
419,1,2018-12-15,2018-12-21,2018-12-12,hlexpectedday
420,1,2018-12-22,2018-12-28,2018-12-19,hlexpectedday
421,1,2018-12-29,2019-01-04,2018-12-26,hlexpectedday
422,1,2019-01-05,2019-01-11,2019-01-02,hlexpectedday
423,1,2019-01-12,2019-01-18,2019-01-09,hlexpectedday
424,1,2019-01-19,2019-01-25,2019-01-16,hlexpectedday
425,1,2019-01-26,2019-02-01,2019-01-23,hlexpectedday
426,1,2019-02-02,2019-02-08,2019-01-30,hlexpectedday
427,1,2019-02-09,2019-02-15,2019-02-06,hlexpectedday
428,1,2019-02-16,2019-02-22,2019-02-13,hlexpectedday
429,1,2019-02-23,2019-03-01,2019-02-20,hlexpectedday
430,1,2019-03-02,2019-03-08,2019-02-27,hlexpectedday
431,1,2019-03-09,2019-03-15,2019-03-06,hlexpectedday
432,1,2019-03-16,2019-03-22,2019-03-13,hlexpectedday
433,1,2019-03-23,2019-03-29,2019-03-20,hlexpectedday
434,1,2019-03-30,2019-04-05,2019-03-27,hlexpectedday
435,1,2019-04-06,2019-04-12,2019-04-03,hlexpectedday
436,1,2019-04-13,2019-04-19,2019-04-10,hlexpectedday
437,1,2019-04-20,2019-04-26,2019-04-17,hlexpectedday
438,1,2019-04-27,2019-05-03,2019-04-24,hlexpectedday
439,1,2019-05-04,2019-05-10,2019-05-01,hlexpectedday
440,1,2019-05-11,2019-05-17,2019-05-08,hlexpectedday
441,1,2019-05-18,2019-05-24,2019-05-15,hlexpectedday
442,1,2019-05-25,2019-05-31,2019-05-22,hlexpectedday
443,1,2019-06-01,2019-06-07,2019-05-29,hlexpectedday
444,1,2019-06-08,2019-06-14,2019-06-05,hlexpectedday
445,1,2019-06-15,2019-06-21,2019-06-12,hlexpectedday
446,1,2019-06-22,2019-06-28,2019-06-19,hlexpectedday
447,1,2019-06-29,2019-07-05,2019-06-26,hlexpectedday
448,1,2019-07-06,2019-07-12,2019-07-03,hlexpectedday
449,1,2019-07-13,2019-07-19,2019-07-10,hlexpectedday
450,1,2019-07-20,2019-07-26,2019-07-17,hlexpectedday
451,1,2019-07-27,2019-08-02,2019-07-24,hlexpectedday
452,1,2019-08-03,2019-08-09,2019-07-31,hlexpectedday
453,1,2019-08-10,2019-08-16,2019-08-07,hlexpectedday
454,1,2019-08-17,2019-08-23,2019-08-14,hlexpectedday
455,1,2019-08-24,2019-08-30,2019-08-21,hlexpectedday
456,1,2019-08-31,2019-09-06,2019-08-28,hlexpectedday
457,1,2019-09-07,2019-09-13,2019-09-04,hlexpectedday
458,1,2019-09-14,2019-09-20,2019-09-11,hlexpectedday
459,1,2019-09-21,2019-09-27,2019-09-18,hlexpectedday
460,1,2019-09-28,2019-10-04,2019-09-25,hlexpectedday
461,1,2019-10-05,2019-10-11,2019-10-02,hlexpectedday
462,1,2019-10-12,2019-10-18,2019-10-09,hlexpectedday
463,1,2019-10-19,2019-10-25,2019-10-16,hlexpectedday
464,1,2019-10-26,2019-11-01,2019-10-23,hlexpectedday
465,1,2019-11-02,2019-11-08,2019-10-30,hlexpectedday
466,1,2019-11-09,2019-11-15,2019-11-06,hlexpectedday
467,1,2019-11-16,2019-11-22,2019-11-13,hlexpectedday
468,1,2019-11-23,2019-11-29,2019-11-20,hlexpectedday
469,1,2019-11-30,2019-12-06,2019-11-27,hlexpectedday
470,1,2019-12-07,2019-12-13,2019-12-04,hlexpectedday
471,1,2019-12-14,2019-12-20,2019-12-11,hlexpectedday
472,1,2019-12-21,2019-12-27,2019-12-18,hlexpectedday
473,1,2019-12-28,2020-01-03,2019-12-25,hlexpectedday
474,1,2020-01-04,2020-01-10,2020-01-01,hlexpectedday
475,1,2020-01-11,2020-01-17,2020-01-08,hlexpectedday
476,1,2020-01-18,2020-01-24,2020-01-15,hlexpectedday
477,1,2020-01-25,2020-01-31,2020-01-22,hlexpectedday
478,1,2020-02-01,2020-02-07,2020-01-29,hlexpectedday
479,1,2020-02-08,2020-02-14,2020-02-05,hlexpectedday
480,1,2020-02-15,2020-02-21,2020-02-12,hlexpectedday
481,1,2020-02-22,2020-02-28,2020-02-19,hlexpectedday
482,1,2020-02-29,2020-03-06,2020-02-26,hlexpectedday
483,1,2020-03-07,2020-03-13,2020-03-04,hlexpectedday
484,1,2020-03-14,2020-03-20,2020-03-11,hlexpectedday
485,1,2020-03-21,2020-03-27,2020-03-18,hlexpectedday
486,1,2020-03-28,2020-04-03,2020-03-25,hlexpectedday
487,1,2020-04-04,2020-04-10,2020-04-01,hlexpectedday
488,1,2020-04-11,2020-04-17,2020-04-08,hlexpectedday
489,1,2020-04-18,2020-04-24,2020-04-15,hlexpectedday
490,1,2020-04-25,2020-05-01,2020-04-22,hlexpectedday
491,1,2020-05-02,2020-05-08,2020-04-29,hlexpectedday
492,1,2020-05-09,2020-05-15,2020-05-06,hlexpectedday
493,1,2020-05-16,2020-05-22,2020-05-13,hlexpectedday
494,1,2020-05-23,2020-05-29,2020-05-20,hlexpectedday
495,1,2020-05-30,2020-06-05,2020-05-27,hlexpectedday
496,1,2020-06-06,2020-06-12,2020-06-03,hlexpectedday
497,1,2020-06-13,2020-06-19,2020-06-10,hlexpectedday
498,1,2020-06-20,2020-06-26,2020-06-17,hlexpectedday
499,1,2020-06-27,2020-07-03,2020-06-24,hlexpectedday
500,1,2020-07-04,2020-07-10,2020-07-01,hlexpectedday
501,1,2020-07-11,2020-07-17,2020-07-08,hlexpectedday
502,1,2020-07-18,2020-07-24,2020-07-15,hlexpectedday
503,1,2020-07-25,2020-07-31,2020-07-22,hlexpectedday
504,1,2020-08-01,2020-08-07,2020-07-29,hlexpectedday
505,1,2020-08-08,2020-08-14,2020-08-05,hlexpectedday
506,1,2020-08-15,2020-08-21,2020-08-12,hlexpectedday
507,1,2020-08-22,2020-08-28,2020-08-19,hlexpectedday
508,1,2020-08-29,2020-09-04,2020-08-26,hlexpectedday
509,1,2020-09-05,2020-09-11,2020-09-02,hlexpectedday
510,1,2020-09-12,2020-09-18,2020-09-09,hlexpectedday
511,1,2020-09-19,2020-09-25,2020-09-16,hlexpectedday
512,1,2020-09-26,2020-10-02,2020-09-23,hlexpectedday
513,1,2020-10-03,2020-10-09,2020-09-30,hlexpectedday
514,1,2020-10-10,2020-10-16,2020-10-07,hlexpectedday
515,1,2020-10-17,2020-10-23,2020-10-14,hlexpectedday
516,1,2020-10-24,2020-10-30,2020-10-21,hlexpectedday
517,1,2020-10-31,2020-11-06,2020-10-28,hlexpectedday
518,1,2020-11-07,2020-11-13,2020-11-04,hlexpectedday
519,1,2020-11-14,2020-11-20,2020-11-11,hlexpectedday
520,1,2020-11-21,2020-11-27,2020-11-18,hlexpectedday
521,1,2020-11-28,2020-12-04,2020-11-25,hlexpectedday
522,1,2020-12-05,2020-12-11,2020-12-02,hlexpectedday
523,1,2020-12-12,2020-12-18,2020-12-09,hlexpectedday
524,1,2020-12-19,2020-12-25,2020-12-16,hlexpectedday
525,1,2020-12-26,2021-01-01,2020-12-23,hlexpectedday
526,1,2021-01-02,2021-01-08,2020-12-30,hlexpectedday
527,2,2018-08-13,2018-08-19,2018-08-08,hlexpectedday
528,2,2018-08-20,2018-08-26,2018-08-15,hlexpectedday
529,2,2018-08-27,2018-09-02,2018-08-22,hlexpectedday
530,2,2018-09-03,2018-09-09,2018-08-29,hlexpectedday
531,2,2018-09-10,2018-09-16,2018-09-05,hlexpectedday
532,2,2018-09-17,2018-09-23,2018-09-12,hlexpectedday
533,2,2018-09-24,2018-09-30,2018-09-19,hlexpectedday
534,2,2018-10-01,2018-10-07,2018-09-26,hlexpectedday
535,2,2018-10-08,2018-10-14,2018-10-03,hlexpectedday
536,2,2018-10-15,2018-10-21,2018-10-10,hlexpectedday
537,2,2018-10-22,2018-10-28,2018-10-17,hlexpectedday
538,2,2018-10-29,2018-11-04,2018-10-24,hlexpectedday
539,2,2018-11-05,2018-11-11,2018-10-31,hlexpectedday
540,2,2018-11-12,2018-11-18,2018-11-07,hlexpectedday
541,2,2018-11-19,2018-11-25,2018-11-14,hlexpectedday
542,2,2018-11-26,2018-12-02,2018-11-21,hlexpectedday
543,2,2018-12-03,2018-12-09,2018-11-28,hlexpectedday
544,2,2018-12-10,2018-12-16,2018-12-05,hlexpectedday
545,2,2018-12-17,2018-12-23,2018-12-12,hlexpectedday
546,2,2018-12-24,2018-12-30,2018-12-19,hlexpectedday
547,2,2018-12-31,2019-01-06,2018-12-26,hlexpectedday
548,2,2019-01-07,2019-01-13,2019-01-02,hlexpectedday
549,2,2019-01-14,2019-01-20,2019-01-09,hlexpectedday
550,2,2019-01-21,2019-01-27,2019-01-16,hlexpectedday
551,2,2019-01-28,2019-02-03,2019-01-23,hlexpectedday
552,2,2019-02-04,2019-02-10,2019-01-30,hlexpectedday
553,2,2019-02-11,2019-02-17,2019-02-06,hlexpectedday
554,2,2019-02-18,2019-02-24,2019-02-13,hlexpectedday
555,2,2019-02-25,2019-03-03,2019-02-20,hlexpectedday
556,2,2019-03-04,2019-03-10,2019-02-27,hlexpectedday
557,2,2019-03-11,2019-03-17,2019-03-06,hlexpectedday
558,2,2019-03-18,2019-03-24,2019-03-13,hlexpectedday
559,2,2019-03-25,2019-03-31,2019-03-20,hlexpectedday
560,2,2019-04-01,2019-04-07,2019-03-27,hlexpectedday
561,2,2019-04-08,2019-04-14,2019-04-03,hlexpectedday
562,2,2019-04-15,2019-04-21,2019-04-10,hlexpectedday
563,2,2019-04-22,2019-04-28,2019-04-17,hlexpectedday
564,2,2019-04-29,2019-05-05,2019-04-24,hlexpectedday
565,2,2019-05-06,2019-05-12,2019-05-01,hlexpectedday
566,2,2019-05-13,2019-05-19,2019-05-08,hlexpectedday
567,2,2019-05-20,2019-05-26,2019-05-15,hlexpectedday
568,2,2019-05-27,2019-06-02,2019-05-22,hlexpectedday
569,2,2019-06-03,2019-06-09,2019-05-29,hlexpectedday
570,2,2019-06-10,2019-06-16,2019-06-05,hlexpectedday
571,2,2019-06-17,2019-06-23,2019-06-12,hlexpectedday
572,2,2019-06-24,2019-06-30,2019-06-19,hlexpectedday
573,2,2019-07-01,2019-07-07,2019-06-26,hlexpectedday
574,2,2019-07-08,2019-07-14,2019-07-03,hlexpectedday
575,2,2019-07-15,2019-07-21,2019-07-10,hlexpectedday
576,2,2019-07-22,2019-07-28,2019-07-17,hlexpectedday
577,2,2019-07-29,2019-08-04,2019-07-24,hlexpectedday
578,2,2019-08-05,2019-08-11,2019-07-31,hlexpectedday
579,2,2019-08-12,2019-08-18,2019-08-07,hlexpectedday
580,2,2019-08-19,2019-08-25,2019-08-14,hlexpectedday
581,2,2019-08-26,2019-09-01,2019-08-21,hlexpectedday
582,2,2019-09-02,2019-09-08,2019-08-28,hlexpectedday
583,2,2019-09-09,2019-09-15,2019-09-04,hlexpectedday
584,2,2019-09-16,2019-09-22,2019-09-11,hlexpectedday
585,2,2019-09-23,2019-09-29,2019-09-18,hlexpectedday
586,2,2019-09-30,2019-10-06,2019-09-25,hlexpectedday
587,2,2019-10-07,2019-10-13,2019-10-02,hlexpectedday
588,2,2019-10-14,2019-10-20,2019-10-09,hlexpectedday
589,2,2019-10-21,2019-10-27,2019-10-16,hlexpectedday
590,2,2019-10-28,2019-11-03,2019-10-23,hlexpectedday
591,2,2019-11-04,2019-11-10,2019-10-30,hlexpectedday
592,2,2019-11-11,2019-11-17,2019-11-06,hlexpectedday
593,2,2019-11-18,2019-11-24,2019-11-13,hlexpectedday
594,2,2019-11-25,2019-12-01,2019-11-20,hlexpectedday
595,2,2019-12-02,2019-12-08,2019-11-27,hlexpectedday
596,2,2019-12-09,2019-12-15,2019-12-04,hlexpectedday
597,2,2019-12-16,2019-12-22,2019-12-11,hlexpectedday
598,2,2019-12-23,2019-12-29,2019-12-18,hlexpectedday
599,2,2019-12-30,2020-01-05,2019-12-25,hlexpectedday
600,2,2020-01-06,2020-01-12,2020-01-01,hlexpectedday
601,2,2020-01-13,2020-01-19,2020-01-08,hlexpectedday
602,2,2020-01-20,2020-01-26,2020-01-15,hlexpectedday
603,2,2020-01-27,2020-02-02,2020-01-22,hlexpectedday
604,2,2020-02-03,2020-02-09,2020-01-29,hlexpectedday
605,2,2020-02-10,2020-02-16,2020-02-05,hlexpectedday
606,2,2020-02-17,2020-02-23,2020-02-12,hlexpectedday
607,2,2020-02-24,2020-03-01,2020-02-19,hlexpectedday
608,2,2020-03-02,2020-03-08,2020-02-26,hlexpectedday
609,2,2020-03-09,2020-03-15,2020-03-04,hlexpectedday
610,2,2020-03-16,2020-03-22,2020-03-11,hlexpectedday
611,2,2020-03-23,2020-03-29,2020-03-18,hlexpectedday
612,2,2020-03-30,2020-04-05,2020-03-25,hlexpectedday
613,2,2020-04-06,2020-04-12,2020-04-01,hlexpectedday
614,2,2020-04-13,2020-04-19,2020-04-08,hlexpectedday
615,2,2020-04-20,2020-04-26,2020-04-15,hlexpectedday
616,2,2020-04-27,2020-05-03,2020-04-22,hlexpectedday
617,2,2020-05-04,2020-05-10,2020-04-29,hlexpectedday
618,2,2020-05-11,2020-05-17,2020-05-06,hlexpectedday
619,2,2020-05-18,2020-05-24,2020-05-13,hlexpectedday
620,2,2020-05-25,2020-05-31,2020-05-20,hlexpectedday
621,2,2020-06-01,2020-06-07,2020-05-27,hlexpectedday
622,2,2020-06-08,2020-06-14,2020-06-03,hlexpectedday
623,2,2020-06-15,2020-06-21,2020-06-10,hlexpectedday
624,2,2020-06-22,2020-06-28,2020-06-17,hlexpectedday
625,2,2020-06-29,2020-07-05,2020-06-24,hlexpectedday
626,2,2020-07-06,2020-07-12,2020-07-01,hlexpectedday
627,2,2020-07-13,2020-07-19,2020-07-08,hlexpectedday
628,2,2020-07-20,2020-07-26,2020-07-15,hlexpectedday
629,2,2020-07-27,2020-08-02,2020-07-22,hlexpectedday
630,2,2020-08-03,2020-08-09,2020-07-29,hlexpectedday
631,2,2020-08-10,2020-08-16,2020-08-05,hlexpectedday
632,2,2020-08-17,2020-08-23,2020-08-12,hlexpectedday
633,2,2020-08-24,2020-08-30,2020-08-19,hlexpectedday
634,2,2020-08-31,2020-09-06,2020-08-26,hlexpectedday
635,2,2020-09-07,2020-09-13,2020-09-02,hlexpectedday
636,2,2020-09-14,2020-09-20,2020-09-09,hlexpectedday
637,2,2020-09-21,2020-09-27,2020-09-16,hlexpectedday
638,2,2020-09-28,2020-10-04,2020-09-23,hlexpectedday
639,2,2020-10-05,2020-10-11,2020-09-30,hlexpectedday
640,2,2020-10-12,2020-10-18,2020-10-07,hlexpectedday
641,2,2020-10-19,2020-10-25,2020-10-14,hlexpectedday
642,2,2020-10-26,2020-11-01,2020-10-21,hlexpectedday
643,2,2020-11-02,2020-11-08,2020-10-28,hlexpectedday
644,2,2020-11-09,2020-11-15,2020-11-04,hlexpectedday
645,2,2020-11-16,2020-11-22,2020-11-11,hlexpectedday
646,2,2020-11-23,2020-11-29,2020-11-18,hlexpectedday
647,2,2020-11-30,2020-12-06,2020-11-25,hlexpectedday
648,2,2020-12-07,2020-12-13,2020-12-02,hlexpectedday
649,2,2020-12-14,2020-12-20,2020-12-09,hlexpectedday
650,2,2020-12-21,2020-12-27,2020-12-16,hlexpectedday
651,2,2020-12-28,2021-01-03,2020-12-23,hlexpectedday
652,2,2021-01-04,2021-01-10,2020-12-30,hlexpectedday
653,3,2018-08-13,2018-08-19,2018-08-08,hlexpectedday
654,3,2018-08-20,2018-08-26,2018-08-15,hlexpectedday
655,3,2018-08-27,2018-09-02,2018-08-22,hlexpectedday
656,3,2018-09-03,2018-09-09,2018-08-29,hlexpectedday
657,3,2018-09-10,2018-09-16,2018-09-05,hlexpectedday
658,3,2018-09-17,2018-09-23,2018-09-12,hlexpectedday
659,3,2018-09-24,2018-09-30,2018-09-19,hlexpectedday
660,3,2018-10-01,2018-10-07,2018-09-26,hlexpectedday
661,3,2018-10-08,2018-10-14,2018-10-03,hlexpectedday
662,3,2018-10-15,2018-10-21,2018-10-10,hlexpectedday
663,3,2018-10-22,2018-10-28,2018-10-17,hlexpectedday
664,3,2018-10-29,2018-11-04,2018-10-24,hlexpectedday
665,3,2018-11-05,2018-11-11,2018-10-31,hlexpectedday
666,3,2018-11-12,2018-11-18,2018-11-07,hlexpectedday
667,3,2018-11-19,2018-11-25,2018-11-14,hlexpectedday
668,3,2018-11-26,2018-12-02,2018-11-21,hlexpectedday
669,3,2018-12-03,2018-12-09,2018-11-28,hlexpectedday
670,3,2018-12-10,2018-12-16,2018-12-05,hlexpectedday
671,3,2018-12-17,2018-12-23,2018-12-12,hlexpectedday
672,3,2018-12-24,2018-12-30,2018-12-19,hlexpectedday
673,3,2018-12-31,2019-01-06,2018-12-26,hlexpectedday
674,3,2019-01-07,2019-01-13,2019-01-02,hlexpectedday
675,3,2019-01-14,2019-01-20,2019-01-09,hlexpectedday
676,3,2019-01-21,2019-01-27,2019-01-16,hlexpectedday
677,3,2019-01-28,2019-02-03,2019-01-23,hlexpectedday
678,3,2019-02-04,2019-02-10,2019-01-30,hlexpectedday
679,3,2019-02-11,2019-02-17,2019-02-06,hlexpectedday
680,3,2019-02-18,2019-02-24,2019-02-13,hlexpectedday
681,3,2019-02-25,2019-03-03,2019-02-20,hlexpectedday
682,3,2019-03-04,2019-03-10,2019-02-27,hlexpectedday
683,3,2019-03-11,2019-03-17,2019-03-06,hlexpectedday
684,3,2019-03-18,2019-03-24,2019-03-13,hlexpectedday
685,3,2019-03-25,2019-03-31,2019-03-20,hlexpectedday
686,3,2019-04-01,2019-04-07,2019-03-27,hlexpectedday
687,3,2019-04-08,2019-04-14,2019-04-03,hlexpectedday
688,3,2019-04-15,2019-04-21,2019-04-10,hlexpectedday
689,3,2019-04-22,2019-04-28,2019-04-17,hlexpectedday
690,3,2019-04-29,2019-05-05,2019-04-24,hlexpectedday
691,3,2019-05-06,2019-05-12,2019-05-01,hlexpectedday
692,3,2019-05-13,2019-05-19,2019-05-08,hlexpectedday
693,3,2019-05-20,2019-05-26,2019-05-15,hlexpectedday
694,3,2019-05-27,2019-06-02,2019-05-22,hlexpectedday
695,3,2019-06-03,2019-06-09,2019-05-29,hlexpectedday
696,3,2019-06-10,2019-06-16,2019-06-05,hlexpectedday
697,3,2019-06-17,2019-06-23,2019-06-12,hlexpectedday
698,3,2019-06-24,2019-06-30,2019-06-19,hlexpectedday
699,3,2019-07-01,2019-07-07,2019-06-26,hlexpectedday
700,3,2019-07-08,2019-07-14,2019-07-03,hlexpectedday
701,3,2019-07-15,2019-07-21,2019-07-10,hlexpectedday
702,3,2019-07-22,2019-07-28,2019-07-17,hlexpectedday
703,3,2019-07-29,2019-08-04,2019-07-24,hlexpectedday
704,3,2019-08-05,2019-08-11,2019-07-31,hlexpectedday
705,3,2019-08-12,2019-08-18,2019-08-07,hlexpectedday
706,3,2019-08-19,2019-08-25,2019-08-14,hlexpectedday
707,3,2019-08-26,2019-09-01,2019-08-21,hlexpectedday
708,3,2019-09-02,2019-09-08,2019-08-28,hlexpectedday
709,3,2019-09-09,2019-09-15,2019-09-04,hlexpectedday
710,3,2019-09-16,2019-09-22,2019-09-11,hlexpectedday
711,3,2019-09-23,2019-09-29,2019-09-18,hlexpectedday
712,3,2019-09-30,2019-10-06,2019-09-25,hlexpectedday
713,3,2019-10-07,2019-10-13,2019-10-02,hlexpectedday
714,3,2019-10-14,2019-10-20,2019-10-09,hlexpectedday
715,3,2019-10-21,2019-10-27,2019-10-16,hlexpectedday
716,3,2019-10-28,2019-11-03,2019-10-23,hlexpectedday
717,3,2019-11-04,2019-11-10,2019-10-30,hlexpectedday
718,3,2019-11-11,2019-11-17,2019-11-06,hlexpectedday
719,3,2019-11-18,2019-11-24,2019-11-13,hlexpectedday
720,3,2019-11-25,2019-12-01,2019-11-20,hlexpectedday
721,3,2019-12-02,2019-12-08,2019-11-27,hlexpectedday
722,3,2019-12-09,2019-12-15,2019-12-04,hlexpectedday
723,3,2019-12-16,2019-12-22,2019-12-11,hlexpectedday
724,3,2019-12-23,2019-12-29,2019-12-18,hlexpectedday
725,3,2019-12-30,2020-01-05,2019-12-25,hlexpectedday
726,3,2020-01-06,2020-01-12,2020-01-01,hlexpectedday
727,3,2020-01-13,2020-01-19,2020-01-08,hlexpectedday
728,3,2020-01-20,2020-01-26,2020-01-15,hlexpectedday
729,3,2020-01-27,2020-02-02,2020-01-22,hlexpectedday
730,3,2020-02-03,2020-02-09,2020-01-29,hlexpectedday
731,3,2020-02-10,2020-02-16,2020-02-05,hlexpectedday
732,3,2020-02-17,2020-02-23,2020-02-12,hlexpectedday
733,3,2020-02-24,2020-03-01,2020-02-19,hlexpectedday
734,3,2020-03-02,2020-03-08,2020-02-26,hlexpectedday
735,3,2020-03-09,2020-03-15,2020-03-04,hlexpectedday
736,3,2020-03-16,2020-03-22,2020-03-11,hlexpectedday
737,3,2020-03-23,2020-03-29,2020-03-18,hlexpectedday
738,3,2020-03-30,2020-04-05,2020-03-25,hlexpectedday
739,3,2020-04-06,2020-04-12,2020-04-01,hlexpectedday
740,3,2020-04-13,2020-04-19,2020-04-08,hlexpectedday
741,3,2020-04-20,2020-04-26,2020-04-15,hlexpectedday
742,3,2020-04-27,2020-05-03,2020-04-22,hlexpectedday
743,3,2020-05-04,2020-05-10,2020-04-29,hlexpectedday
744,3,2020-05-11,2020-05-17,2020-05-06,hlexpectedday
745,3,2020-05-18,2020-05-24,2020-05-13,hlexpectedday
746,3,2020-05-25,2020-05-31,2020-05-20,hlexpectedday
747,3,2020-06-01,2020-06-07,2020-05-27,hlexpectedday
748,3,2020-06-08,2020-06-14,2020-06-03,hlexpectedday
749,3,2020-06-15,2020-06-21,2020-06-10,hlexpectedday
750,3,2020-06-22,2020-06-28,2020-06-17,hlexpectedday
751,3,2020-06-29,2020-07-05,2020-06-24,hlexpectedday
752,3,2020-07-06,2020-07-12,2020-07-01,hlexpectedday
753,3,2020-07-13,2020-07-19,2020-07-08,hlexpectedday
754,3,2020-07-20,2020-07-26,2020-07-15,hlexpectedday
755,3,2020-07-27,2020-08-02,2020-07-22,hlexpectedday
756,3,2020-08-03,2020-08-09,2020-07-29,hlexpectedday
757,3,2020-08-10,2020-08-16,2020-08-05,hlexpectedday
758,3,2020-08-17,2020-08-23,2020-08-12,hlexpectedday
759,3,2020-08-24,2020-08-30,2020-08-19,hlexpectedday
760,3,2020-08-31,2020-09-06,2020-08-26,hlexpectedday
761,3,2020-09-07,2020-09-13,2020-09-02,hlexpectedday
762,3,2020-09-14,2020-09-20,2020-09-09,hlexpectedday
763,3,2020-09-21,2020-09-27,2020-09-16,hlexpectedday
764,3,2020-09-28,2020-10-04,2020-09-23,hlexpectedday
765,3,2020-10-05,2020-10-11,2020-09-30,hlexpectedday
766,3,2020-10-12,2020-10-18,2020-10-07,hlexpectedday
767,3,2020-10-19,2020-10-25,2020-10-14,hlexpectedday
768,3,2020-10-26,2020-11-01,2020-10-21,hlexpectedday
769,3,2020-11-02,2020-11-08,2020-10-28,hlexpectedday
770,3,2020-11-09,2020-11-15,2020-11-04,hlexpectedday
771,3,2020-11-16,2020-11-22,2020-11-11,hlexpectedday
772,3,2020-11-23,2020-11-29,2020-11-18,hlexpectedday
773,3,2020-11-30,2020-12-06,2020-11-25,hlexpectedday
774,3,2020-12-07,2020-12-13,2020-12-02,hlexpectedday
775,3,2020-12-14,2020-12-20,2020-12-09,hlexpectedday
776,3,2020-12-21,2020-12-27,2020-12-16,hlexpectedday
777,3,2020-12-28,2021-01-03,2020-12-23,hlexpectedday
778,3,2021-01-04,2021-01-10,2020-12-30,hlexpectedday
779,4,2018-08-12,2018-08-18,2018-08-08,hlexpectedday
780,4,2018-08-19,2018-08-25,2018-08-15,hlexpectedday
781,4,2018-08-26,2018-09-01,2018-08-22,hlexpectedday
782,4,2018-09-02,2018-09-08,2018-08-29,hlexpectedday
783,4,2018-09-09,2018-09-15,2018-09-05,hlexpectedday
784,4,2018-09-16,2018-09-22,2018-09-12,hlexpectedday
785,4,2018-09-23,2018-09-29,2018-09-19,hlexpectedday
786,4,2018-09-30,2018-10-06,2018-09-26,hlexpectedday
787,4,2018-10-07,2018-10-13,2018-10-03,hlexpectedday
788,4,2018-10-14,2018-10-20,2018-10-10,hlexpectedday
789,4,2018-10-21,2018-10-27,2018-10-17,hlexpectedday
790,4,2018-10-28,2018-11-03,2018-10-24,hlexpectedday
791,4,2018-11-04,2018-11-10,2018-10-31,hlexpectedday
792,4,2018-11-11,2018-11-17,2018-11-07,hlexpectedday
793,4,2018-11-18,2018-11-24,2018-11-14,hlexpectedday
794,4,2018-11-25,2018-12-01,2018-11-21,hlexpectedday
795,4,2018-12-02,2018-12-08,2018-11-28,hlexpectedday
796,4,2018-12-09,2018-12-15,2018-12-05,hlexpectedday
797,4,2018-12-16,2018-12-22,2018-12-12,hlexpectedday
798,4,2018-12-23,2018-12-29,2018-12-19,hlexpectedday
799,4,2018-12-30,2019-01-05,2018-12-26,hlexpectedday
800,4,2019-01-06,2019-01-12,2019-01-02,hlexpectedday
801,4,2019-01-13,2019-01-19,2019-01-09,hlexpectedday
802,4,2019-01-20,2019-01-26,2019-01-16,hlexpectedday
803,4,2019-01-27,2019-02-02,2019-01-23,hlexpectedday
804,4,2019-02-03,2019-02-09,2019-01-30,hlexpectedday
805,4,2019-02-10,2019-02-16,2019-02-06,hlexpectedday
806,4,2019-02-17,2019-02-23,2019-02-13,hlexpectedday
807,4,2019-02-24,2019-03-02,2019-02-20,hlexpectedday
808,4,2019-03-03,2019-03-09,2019-02-27,hlexpectedday
809,4,2019-03-10,2019-03-16,2019-03-06,hlexpectedday
810,4,2019-03-17,2019-03-23,2019-03-13,hlexpectedday
811,4,2019-03-24,2019-03-30,2019-03-20,hlexpectedday
812,4,2019-03-31,2019-04-06,2019-03-27,hlexpectedday
813,4,2019-04-07,2019-04-13,2019-04-03,hlexpectedday
814,4,2019-04-14,2019-04-20,2019-04-10,hlexpectedday
815,4,2019-04-21,2019-04-27,2019-04-17,hlexpectedday
816,4,2019-04-28,2019-05-04,2019-04-24,hlexpectedday
817,4,2019-05-05,2019-05-11,2019-05-01,hlexpectedday
818,4,2019-05-12,2019-05-18,2019-05-08,hlexpectedday
819,4,2019-05-19,2019-05-25,2019-05-15,hlexpectedday
820,4,2019-05-26,2019-06-01,2019-05-22,hlexpectedday
821,4,2019-06-02,2019-06-08,2019-05-29,hlexpectedday
822,4,2019-06-09,2019-06-15,2019-06-05,hlexpectedday
823,4,2019-06-16,2019-06-22,2019-06-12,hlexpectedday
824,4,2019-06-23,2019-06-29,2019-06-19,hlexpectedday
825,4,2019-06-30,2019-07-06,2019-06-26,hlexpectedday
826,4,2019-07-07,2019-07-13,2019-07-03,hlexpectedday
827,4,2019-07-14,2019-07-20,2019-07-10,hlexpectedday
828,4,2019-07-21,2019-07-27,2019-07-17,hlexpectedday
829,4,2019-07-28,2019-08-03,2019-07-24,hlexpectedday
830,4,2019-08-04,2019-08-10,2019-07-31,hlexpectedday
831,4,2019-08-11,2019-08-17,2019-08-07,hlexpectedday
832,4,2019-08-18,2019-08-24,2019-08-14,hlexpectedday
833,4,2019-08-25,2019-08-31,2019-08-21,hlexpectedday
834,4,2019-09-01,2019-09-07,2019-08-28,hlexpectedday
835,4,2019-09-08,2019-09-14,2019-09-04,hlexpectedday
836,4,2019-09-15,2019-09-21,2019-09-11,hlexpectedday
837,4,2019-09-22,2019-09-28,2019-09-18,hlexpectedday
838,4,2019-09-29,2019-10-05,2019-09-25,hlexpectedday
839,4,2019-10-06,2019-10-12,2019-10-02,hlexpectedday
840,4,2019-10-13,2019-10-19,2019-10-09,hlexpectedday
841,4,2019-10-20,2019-10-26,2019-10-16,hlexpectedday
842,4,2019-10-27,2019-11-02,2019-10-23,hlexpectedday
843,4,2019-11-03,2019-11-09,2019-10-30,hlexpectedday
844,4,2019-11-10,2019-11-16,2019-11-06,hlexpectedday
845,4,2019-11-17,2019-11-23,2019-11-13,hlexpectedday
846,4,2019-11-24,2019-11-30,2019-11-20,hlexpectedday
847,4,2019-12-01,2019-12-07,2019-11-27,hlexpectedday
848,4,2019-12-08,2019-12-14,2019-12-04,hlexpectedday
849,4,2019-12-15,2019-12-21,2019-12-11,hlexpectedday
850,4,2019-12-22,2019-12-28,2019-12-18,hlexpectedday
851,4,2019-12-29,2020-01-04,2019-12-25,hlexpectedday
852,4,2020-01-05,2020-01-11,2020-01-01,hlexpectedday
853,4,2020-01-12,2020-01-18,2020-01-08,hlexpectedday
854,4,2020-01-19,2020-01-25,2020-01-15,hlexpectedday
855,4,2020-01-26,2020-02-01,2020-01-22,hlexpectedday
856,4,2020-02-02,2020-02-08,2020-01-29,hlexpectedday
857,4,2020-02-09,2020-02-15,2020-02-05,hlexpectedday
858,4,2020-02-16,2020-02-22,2020-02-12,hlexpectedday
859,4,2020-02-23,2020-02-29,2020-02-19,hlexpectedday
860,4,2020-03-01,2020-03-07,2020-02-26,hlexpectedday
861,4,2020-03-08,2020-03-14,2020-03-04,hlexpectedday
862,4,2020-03-15,2020-03-21,2020-03-11,hlexpectedday
863,4,2020-03-22,2020-03-28,2020-03-18,hlexpectedday
864,4,2020-03-29,2020-04-04,2020-03-25,hlexpectedday
865,4,2020-04-05,2020-04-11,2020-04-01,hlexpectedday
866,4,2020-04-12,2020-04-18,2020-04-08,hlexpectedday
867,4,2020-04-19,2020-04-25,2020-04-15,hlexpectedday
868,4,2020-04-26,2020-05-02,2020-04-22,hlexpectedday
869,4,2020-05-03,2020-05-09,2020-04-29,hlexpectedday
870,4,2020-05-10,2020-05-16,2020-05-06,hlexpectedday
871,4,2020-05-17,2020-05-23,2020-05-13,hlexpectedday
872,4,2020-05-24,2020-05-30,2020-05-20,hlexpectedday
873,4,2020-05-31,2020-06-06,2020-05-27,hlexpectedday
874,4,2020-06-07,2020-06-13,2020-06-03,hlexpectedday
875,4,2020-06-14,2020-06-20,2020-06-10,hlexpectedday
876,4,2020-06-21,2020-06-27,2020-06-17,hlexpectedday
877,4,2020-06-28,2020-07-04,2020-06-24,hlexpectedday
878,4,2020-07-05,2020-07-11,2020-07-01,hlexpectedday
879,4,2020-07-12,2020-07-18,2020-07-08,hlexpectedday
880,4,2020-07-19,2020-07-25,2020-07-15,hlexpectedday
881,4,2020-07-26,2020-08-01,2020-07-22,hlexpectedday
882,4,2020-08-02,2020-08-08,2020-07-29,hlexpectedday
883,4,2020-08-09,2020-08-15,2020-08-05,hlexpectedday
884,4,2020-08-16,2020-08-22,2020-08-12,hlexpectedday
885,4,2020-08-23,2020-08-29,2020-08-19,hlexpectedday
886,4,2020-08-30,2020-09-05,2020-08-26,hlexpectedday
887,4,2020-09-06,2020-09-12,2020-09-02,hlexpectedday
888,4,2020-09-13,2020-09-19,2020-09-09,hlexpectedday
889,4,2020-09-20,2020-09-26,2020-09-16,hlexpectedday
890,4,2020-09-27,2020-10-03,2020-09-23,hlexpectedday
891,4,2020-10-04,2020-10-10,2020-09-30,hlexpectedday
892,4,2020-10-11,2020-10-17,2020-10-07,hlexpectedday
893,4,2020-10-18,2020-10-24,2020-10-14,hlexpectedday
894,4,2020-10-25,2020-10-31,2020-10-21,hlexpectedday
895,4,2020-11-01,2020-11-07,2020-10-28,hlexpectedday
896,4,2020-11-08,2020-11-14,2020-11-04,hlexpectedday
897,4,2020-11-15,2020-11-21,2020-11-11,hlexpectedday
898,4,2020-11-22,2020-11-28,2020-11-18,hlexpectedday
899,4,2020-11-29,2020-12-05,2020-11-25,hlexpectedday
900,4,2020-12-06,2020-12-12,2020-12-02,hlexpectedday
901,4,2020-12-13,2020-12-19,2020-12-09,hlexpectedday
902,4,2020-12-20,2020-12-26,2020-12-16,hlexpectedday
903,4,2020-12-27,2021-01-02,2020-12-23,hlexpectedday
904,4,2021-01-03,2021-01-09,2020-12-30,hlexpectedday
